Country,Country code,2024,2025,2026,2027,2028,2029,2030,2031,2032,2033,2034,2035,2036,2037,2038,2039,2040,2041,2042,2043,2044,2045,2046,2047,2048,2049,2050,2051,2052,2053,2054,2055,2056,2057,2058,2059,2060,2061,2062,2063,2064,2065,2066,2067,2068,2069,2070,2071,2072,2073,2074,2075,2076,2077,2078,2079,2080,2081,2082,2083,2084,2085,2086,2087,2088,2089,2090,2091,2092,2093,2094,2095,2096,2097,2098,2099,2100
India,356,1450936,1463866,1476626,1489165,1501433,1513424,1525139,1536541,1547607,1558324,1568688,1578695,1588325,1597537,1606301,1614639,1622580,1630119,1637235,1643915,1650187,1656068,1661548,1666628,1671310,1675620,1679589,1683221,1686508,1689465,1692068,1694328,1696277,1697920,1699255,1700266,1700952,1701284,1701273,1700950,1700300,1699297,1697969,1696316,1694296,1691921,1689203,1686158,1682787,1679106,1675137,1670860,1666300,1661485,1656417,1651101,1645549,1639778,1633818,1627669,1621344,1614844,1608174,1601391,1594493,1587459,1580305,1573054,1565746,1558360,1550888,1543363,1535805,1528221,1520590,1512933,1505252
China,156,1419321,1416096,1412914,1409679,1406137,1402283,1398154,1393749,1389060,1384097,1378877,1373428,1367743,1361830,1355723,1349395,1342817,1335990,1328909,1321591,1314016,1306114,1297818,1289120,1279993,1270381,1260289,1249693,1238557,1226930,1214853,1202342,1189441,1176218,1162723,1149002,1135127,1121175,1107207,1093277,1079408,1065633,1051989,1038473,1025103,1011878,998784,985807,972906,960055,947249,934467,921678,908875,896044,883167,870252,857329,844439,831605,818815,806115,793559,781154,768899,756809,744903,733179,721613,710186,698894,687724,676661,665696,654825,644049,633368
United States of America,840,345427,347276,349035,350728,352404,354050,355650,357223,358770,360294,361802,363285,364732,366152,367551,368907,370209,371469,372705,373901,375029,376106,377132,378118,379064,379967,380847,381708,382544,383359,384146,384894,385642,386425,387254,388093,388918,389765,390648,391546,392444,393353,394294,395267,396248,397237,398218,399193,400152,401081,401993,402910,403821,404683,405519,406320,407080,407866,408656,409402,410135,410830,411520,412237,412979,413731,414458,415186,415929,416662,417392,418116,418800,419461,420096,420703,421279
Indonesia,360,283488,285721,287887,289987,292017,293978,295877,297720,299511,301251,302939,304567,306135,307646,309096,310481,311797,313042,314211,315304,316318,317250,318097,318862,319555,320173,320713,321175,321563,321885,322144,322342,322484,322570,322604,322589,322529,322429,322290,322119,321916,321682,321417,321119,320791,320434,320050,319639,319198,318725,318221,317686,317121,316525,315894,315233,314543,313826,313079,312300,311493,310660,309800,308912,308001,307068,306111,305130,304126,303100,302059,301004,299934,298846,297745,296633,295511
Pakistan,586,251269,255220,259300,263516,267882,272338,276883,281528,286241,291012,295820,300644,305491,310353,315228,320106,324938,329746,334552,339335,344095,348838,353553,358207,362797,367344,371864,376335,380753,385127,389455,393744,398005,402212,406352,410424,414441,418409,422331,426180,429948,433662,437319,440914,444445,447902,451260,454515,457685,460770,463769,466698,469545,472273,474863,477334,479745,482091,484349,486517,488572,490536,492433,494231,495952,497604,499173,500693,502153,503543,504869,506112,507253,508290,509243,510138,511001
Nigeria,566,232679,237528,242432,247374,252346,257353,262381,267421,272484,277555,282622,287686,292739,297773,302782,307765,312710,317607,322450,327244,331983,336663,341282,345844,350348,354792,359186,363524,367804,372024,376177,380268,384301,388268,392171,396009,399785,403501,407149,410726,414233,417659,420998,424256,427426,430503,433486,436373,439171,441867,444466,446970,449370,451660,453850,455943,457922,459786,461540,463189,464744,466192,467531,468768,469902,470940,471886,472742,473500,474161,474739,475248,475693,476069,476375,476602,476748
Brazil,76,211999,212812,213563,214261,214911,215515,216074,216587,217055,217479,217861,218200,218495,218747,218956,219118,219237,219307,219320,219277,219179,219026,218821,218565,218258,217898,217489,217040,216546,216005,215420,214792,214124,213414,212663,211871,211039,210170,209264,208321,207348,206343,205307,204243,203151,202033,200893,199730,198546,197343,196125,194896,193656,192405,191144,189875,188599,187316,186030,184744,183460,182178,180894,179611,178330,177054,175781,174511,173245,171986,170733,169483,168241,167006,165782,164570,163364
Bangladesh,50,173562,175687,177818,179930,182015,184065,186072,188025,189905,191717,193461,195130,196741,198288,199777,201209,202589,203939,205259,206545,207801,209030,210231,211402,212538,213639,214709,215751,216751,217709,218622,219497,220331,221117,221856,222532,223149,223712,224215,224655,225033,225352,225619,225830,225983,226078,226126,226130,226087,225994,225856,225677,225447,225166,224849,224489,224081,223633,223154,222646,222105,221530,220910,220250,219555,218822,218048,217237,216389,215503,214584,213638,212673,211688,210677,209642,208597
Russian Federation,643,144820,143997,143394,143044,142670,142285,141889,141475,141060,140665,140281,139910,139552,139205,138877,138567,138282,138022,137783,137558,137345,137152,136974,136789,136586,136368,136133,135876,135608,135312,134987,134649,134301,133958,133604,133240,132893,132552,132209,131868,131524,131187,130864,130565,130281,129995,129711,129432,129177,128954,128746,128554,128385,128229,128079,127948,127838,127747,127662,127583,127507,127431,127358,127300,127250,127198,127144,127092,127029,126964,126909,126848,126769,126684,126594,126491,126387
Ethiopia,231,132060,135472,138902,142365,145841,149336,152855,156382,159924,163453,166979,170533,174098,177661,181236,184835,188451,192069,195695,199348,203014,206674,210338,214024,217710,221377,225022,228687,232351,235963,239552,243111,246680,250237,253711,257198,260708,264200,267645,271031,274385,277696,280962,284229,287470,290650,293791,296899,299992,303032,306045,309058,312023,314937,317796,320556,323239,325898,328548,331139,333650,336129,338595,340987,343253,345446,347651,349838,351933,353977,356019,357996,359957,361921,363782,365542,367290
Mexico,484,130861,131947,132998,134018,135009,135971,136905,137811,138690,139542,140362,141151,141909,142638,143336,143998,144624,145218,145777,146300,146788,147240,147654,148030,148372,148678,148946,149182,149384,149553,149689,149795,149870,149916,149937,149931,149893,149828,149737,149619,149475,149303,149104,148882,148635,148362,148063,147741,147396,147025,146630,146212,145773,145312,144829,144324,143798,143252,142689,142110,141511,140892,140258,139611,138953,138282,137597,136900,136194,135477,134747,134008,133264,132516,131763,131007,130249
Japan,392,123753,123103,122428,121732,121024,120308,119584,118852,118114,117372,116627,115876,115126,114377,113634,112895,112158,111422,110692,109972,109260,108552,107851,107158,106474,105797,105123,104452,103778,103101,102416,101721,101019,100305,99583,98849,98103,97354,96600,95844,95086,94324,93564,92812,92068,91333,90612,89911,89236,88581,87952,87353,86781,86233,85709,85209,84730,84270,83827,83398,82980,82571,82170,81778,81394,81013,80634,80258,79880,79501,79124,78748,78369,77991,77613,77231,76846
Egypt,818,116538,118366,120101,121848,123608,125373,127139,128912,130695,132486,134288,136097,137913,139739,141566,143393,145214,147019,148801,150548,152255,153919,155536,157114,158657,160162,161630,163064,164469,165850,167204,168532,169835,171118,172379,173622,174845,176047,177230,178399,179553,180677,181776,182855,183911,184941,185941,186912,187857,188769,189649,190503,191327,192119,192875,193603,194293,194948,195572,196164,196728,197259,197761,198240,198692,199110,199500,199868,200212,200530,200820,201078,201301,201488,201651,201787,201895
Philippines,608,115844,116787,117724,118656,119584,120502,121409,122302,123180,124049,124904,125741,126558,127353,128119,128850,129547,130210,130837,131427,131980,132492,132962,133385,133759,134089,134373,134613,134805,134953,135065,135139,135174,135179,135160,135111,135032,134930,134803,134655,134488,134297,134087,133858,133605,133331,133032,132709,132360,131983,131578,131147,130690,130199,129679,129139,128572,127980,127366,126730,126073,125392,124693,123981,123258,122526,121786,121036,120281,119524,118766,118006,117243,116483,115727,114973,114222
Democratic Republic of the Congo,180,109276,112832,116452,120130,123872,127674,131532,135447,139409,143414,147468,151560,155689,159849,164046,168297,172596,176946,181350,185805,190312,194865,199464,204106,208784,213498,218246,223028,227837,232665,237508,242361,247218,252076,256940,261811,266679,271540,276386,281215,286020,290803,295566,300307,305024,309717,314382,319008,323597,328151,332669,337149,341592,345998,350357,354664,358921,363128,367286,371405,375476,379484,383424,387296,391095,394825,398481,402059,405555,408971,412322,415598,418782,421877,424898,427843,430709
Viet Nam,704,100988,101599,102177,102727,103256,103761,104255,104738,105204,105656,106098,106531,106946,107346,107732,108098,108438,108752,109040,109293,109506,109685,109828,109930,109994,110018,110009,109963,109881,109773,109638,109478,109300,109104,108883,108645,108397,108138,107863,107574,107277,106970,106647,106311,105970,105622,105261,104886,104498,104096,103685,103267,102840,102403,101955,101501,101039,100573,100104,99635,99172,98713,98251,97788,97327,96868,96407,95947,95490,95034,94576,94118,93650,93176,92694,92202,91705
Iran (Islamic Republic of),364,91568,92418,93168,93839,94440,94985,95487,95961,96415,96851,97271,97679,98075,98459,98828,99183,99524,99854,100167,100462,100738,100991,101220,101424,101602,101749,101862,101942,101987,101996,101967,101897,101787,101639,101456,101232,100971,100675,100344,99982,99588,99165,98718,98249,97757,97241,96707,96158,95595,95018,94433,93841,93243,92643,92041,91441,90844,90251,89664,89086,88514,87950,87393,86845,86306,85774,85249,84728,84211,83697,83183,82668,82149,81628,81106,80580,80045
Türkiye,792,87474,87685,87926,88198,88480,88755,89028,89293,89538,89769,89985,90189,90385,90570,90735,90881,91010,91120,91217,91295,91353,91393,91419,91427,91404,91348,91258,91140,90995,90822,90625,90402,90147,89861,89554,89221,88863,88490,88094,87679,87245,86794,86331,85860,85377,84876,84359,83826,83281,82726,82155,81573,80983,80385,79782,79174,78556,77930,77295,76654,76012,75361,74700,74040,73374,72701,72021,71341,70664,69987,69313,68647,67984,67321,66660,65999,65338
Germany,276,84552,84075,83644,83443,83229,83005,82781,82552,82324,82100,81883,81670,81443,81217,80994,80770,80552,80346,80149,79942,79720,79492,79264,79034,78791,78541,78295,78048,77801,77540,77259,76970,76687,76408,76129,75861,75605,75361,75131,74910,74702,74503,74309,74118,73940,73773,73616,73460,73302,73145,72985,72838,72691,72533,72383,72244,72113,71991,71881,71775,71673,71576,71478,71387,71316,71259,71200,71146,71109,71086,71066,71046,71020,70983,70953,70931,70900
Thailand,764,71668,71620,71560,71488,71407,71316,71215,71104,70982,70848,70702,70541,70366,70180,69979,69764,69535,69288,69025,68748,68457,68150,67827,67489,67137,66767,66383,65985,65573,65150,64717,64275,63824,63367,62906,62443,61977,61512,61048,60585,60125,59666,59211,58760,58309,57861,57416,56975,56539,56105,55674,55247,54826,54407,53990,53575,53163,52756,52350,51946,51543,51143,50748,50356,49968,49581,49195,48813,48434,48058,47687,47319,46956,46598,46246,45898,45555
United Kingdom,826,69138,69551,69932,70294,70643,70971,71287,71587,71869,72143,72406,72657,72898,73126,73348,73565,73775,73980,74182,74381,74573,74754,74926,75089,75242,75380,75505,75616,75715,75798,75868,75921,75957,75983,76002,76011,76010,76011,76016,76019,76020,76022,76026,76033,76037,76041,76049,76059,76068,76068,76057,76046,76038,76028,76010,75987,75956,75927,75893,75848,75798,75743,75680,75611,75540,75463,75378,75290,75198,75103,75006,74903,74792,74679,74563,74439,74305
United Republic of Tanzania,834,68560,70546,72564,74605,76670,78773,80913,83088,85293,87520,89789,92091,94421,96776,99156,101568,103999,106448,108926,111434,113966,116525,119110,121721,124351,126981,129621,132280,134947,137624,140321,143049,145804,148564,151321,154082,156851,159634,162434,165240,168047,170875,173697,176493,179288,182086,184886,187681,190466,193247,196034,198813,201583,204344,207088,209822,212537,215229,217904,220562,223213,225866,228511,231124,233711,236276,238810,241326,243825,246295,248729,251133,253521,255893,258234,260544,262835
France,250,66549,66651,66746,66838,66929,67018,67108,67195,67282,67369,67458,67548,67635,67721,67802,67873,67939,68003,68064,68116,68157,68191,68215,68229,68235,68231,68220,68200,68176,68147,68111,68068,68022,67979,67936,67893,67850,67811,67773,67740,67714,67692,67677,67669,67664,67668,67679,67698,67725,67752,67785,67822,67864,67905,67945,67985,68025,68067,68108,68153,68199,68238,68276,68316,68354,68390,68422,68451,68475,68499,68519,68530,68530,68524,68517,68504,68485
South Africa,710,64007,64747,65453,66143,66830,67507,68161,68799,69426,70040,70642,71235,71816,72388,72950,73496,74036,74575,75112,75642,76164,76681,77200,77717,78215,78700,79177,79652,80115,80557,80994,81427,81845,82253,82659,83057,83444,83818,84188,84556,84918,85262,85592,85916,86231,86540,86857,87183,87487,87766,88046,88323,88590,88858,89133,89404,89674,89944,90209,90469,90722,90958,91196,91444,91687,91927,92161,92400,92635,92861,93085,93300,93502,93695,93894,94101,94314
Italy,380,59343,59146,58926,58689,58446,58201,57946,57680,57417,57156,56891,56620,56349,56075,55796,55511,55221,54932,54636,54324,54004,53680,53346,52999,52641,52273,51891,51500,51102,50692,50272,49842,49401,48953,48500,48042,47584,47127,46671,46223,45785,45353,44931,44524,44126,43735,43353,42986,42632,42289,41958,41642,41342,41054,40772,40496,40226,39963,39705,39452,39203,38955,38713,38473,38231,37990,37749,37511,37273,37035,36802,36565,36327,36088,35852,35616,35377
Kenya,404,56433,57532,58636,59746,60860,61979,63102,64230,65359,66485,67605,68716,69819,70910,71991,73058,74109,75144,76162,77159,78135,79089,80022,80939,81838,82722,83593,84452,85294,86121,86933,87732,88520,89300,90073,90830,91570,92294,93001,93685,94345,94982,95598,96191,96761,97306,97826,98323,98798,99245,99665,100063,100441,100798,101132,101445,101744,102023,102279,102518,102739,102945,103138,103315,103478,103629,103764,103881,103981,104061,104125,104175,104213,104231,104235,104225,104196
Myanmar,104,54500,54851,55185,55502,55803,56085,56351,56602,56836,57055,57257,57444,57616,57774,57920,58052,58170,58274,58366,58443,58506,58558,58597,58621,58633,58633,58623,58603,58571,58528,58474,58408,58331,58245,58152,58049,57935,57812,57683,57550,57409,57260,57107,56948,56784,56613,56437,56256,56070,55878,55681,55481,55277,55072,54863,54649,54434,54216,53996,53773,53548,53319,53086,52851,52615,52377,52136,51891,51646,51400,51152,50902,50653,50405,50157,49909,49659
Colombia,170,52886,53426,53936,54422,54885,55323,55736,56126,56490,56832,57152,57446,57717,57965,58190,58394,58576,58737,58878,59000,59105,59191,59260,59313,59351,59375,59385,59383,59368,59342,59303,59253,59191,59119,59035,58940,58833,58716,58587,58447,58295,58131,57955,57767,57566,57353,57128,56891,56642,56382,56111,55828,55535,55232,54919,54597,54268,53931,53587,53237,52881,52521,52157,51789,51419,51046,50675,50303,49933,49564,49198,48834,48476,48121,47770,47423,47081
Republic of Korea,410,51718,51667,51600,51519,51423,51314,51189,51048,50891,50714,50517,50301,50067,49813,49541,49252,48949,48630,48300,47959,47603,47233,46851,46452,46034,45597,45143,44671,44179,43672,43157,42633,42095,41545,40985,40421,39857,39297,38739,38183,37633,37088,36550,36019,35493,34972,34453,33942,33438,32943,32455,31975,31501,31034,30573,30119,29672,29227,28788,28356,27929,27506,27087,26671,26259,25852,25449,25052,24661,24277,23902,23536,23179,22833,22496,22168,21849
Sudan,729,50449,51662,53283,54724,55994,57275,58572,59873,61179,62497,63822,65148,66470,67791,69108,70417,71731,73056,74388,75724,77066,78415,79767,81115,82463,83828,85206,86579,87949,89312,90675,92038,93382,94710,96030,97335,98627,99911,101189,102454,103695,104912,106120,107327,108500,109647,110783,111910,113033,114137,115223,116288,117324,118343,119358,120351,121318,122266,123204,124145,125083,126002,126896,127775,128626,129449,130242,131003,131753,132485,133163,133817,134466,135100,135722,136315,136891
Uganda,800,50015,51385,52761,54144,55533,56923,58313,59704,61089,62464,63834,65206,66574,67943,69312,70670,72020,73373,74730,76091,77450,78798,80139,81479,82812,84130,85431,86719,87995,89259,90506,91729,92931,94115,95282,96426,97542,98641,99724,100779,101810,102815,103794,104750,105679,106581,107461,108317,109145,109945,110718,111471,112201,112899,113567,114204,114812,115394,115943,116468,116958,117411,117831,118230,118604,118951,119268,119548,119802,120030,120224,120395,120538,120645,120729,120794,120835
Spain,724,47911,47890,47851,47802,47749,47686,47611,47523,47434,47344,47252,47154,47049,46941,46830,46715,46592,46463,46328,46188,46041,45880,45709,45530,45342,45141,44929,44712,44481,44230,43969,43703,43419,43122,42824,42521,42211,41893,41566,41240,40914,40590,40272,39957,39644,39337,39036,38741,38454,38174,37904,37645,37398,37163,36942,36729,36525,36328,36139,35957,35779,35605,35437,35274,35109,34942,34774,34612,34453,34295,34136,33974,33811,33646,33476,33303,33127
Algeria,12,46814,47435,48028,48593,49136,49655,50154,50637,51113,51584,52048,52517,52986,53453,53922,54396,54873,55352,55835,56320,56806,57290,57768,58234,58691,59136,59566,59976,60357,60715,61054,61369,61662,61930,62171,62393,62590,62764,62926,63075,63212,63340,63458,63567,63671,63771,63859,63950,64052,64150,64246,64342,64431,64515,64597,64676,64751,64816,64871,64922,64970,65015,65056,65087,65108,65115,65115,65106,65081,65053,65010,64952,64883,64802,64709,64603,64488
Iraq,368,46042,47021,48007,48987,49961,50943,51937,52934,53953,54985,56013,57036,58072,59109,60132,61175,62223,63249,64261,65257,66238,67204,68150,69098,70050,71000,71929,72837,73729,74612,75496,76363,77223,78069,78892,79700,80520,81338,82124,82909,83692,84456,85219,85954,86644,87325,87996,88650,89296,89944,90565,91124,91658,92181,92704,93243,93762,94258,94744,95208,95644,96078,96521,96926,97295,97662,98004,98323,98656,98983,99274,99537,99792,100034,100252,100459,100649
Argentina,32,45696,45851,46004,46153,46300,46444,46585,46724,46860,46994,47125,47252,47375,47495,47609,47717,47818,47910,47995,48070,48136,48192,48238,48272,48296,48308,48309,48297,48272,48235,48185,48122,48047,47961,47863,47755,47639,47513,47381,47241,47095,46943,46786,46623,46455,46281,46100,45915,45724,45527,45324,45115,44900,44679,44452,44217,43976,43729,43475,43215,42949,42677,42401,42120,41835,41547,41255,40960,40662,40363,40063,39762,39460,39158,38857,38556,38256
Afghanistan,4,42647,43844,45047,46259,47471,48726,50039,51376,52708,54044,55359,56647,57954,59279,60598,61944,63348,64739,66060,67375,68704,70021,71385,72756,74110,75516,76885,78155,79457,80822,82197,83579,84981,86394,87774,89082,90363,91634,92932,94276,95639,97024,98339,99577,100851,102133,103417,104657,105836,107063,108266,109353,110400,111476,112514,113583,114674,115634,116516,117379,118293,119224,120043,120858,121694,122484,123304,124110,124854,125589,126307,126990,127648,128305,128965,129616,130217
Yemen,887,40583,41774,42962,44146,45324,46498,47668,48828,49979,51130,52280,53429,54578,55724,56872,58025,59182,60346,61518,62697,63880,65066,66254,67439,68621,69800,70976,72147,73307,74455,75593,76723,77840,78944,80037,81116,82176,83220,84248,85257,86243,87211,88166,89106,90030,90939,91830,92706,93565,94403,95225,96029,96816,97584,98336,99074,99794,100498,101183,101851,102503,103139,103754,104347,104921,105473,106003,106511,106998,107460,107895,108308,108699,109068,109415,109739,110036
Canada,124,39742,40127,40468,40782,41086,41376,41656,41929,42192,42438,42676,42905,43124,43343,43556,43759,43951,44138,44322,44501,44676,44850,45017,45173,45329,45477,45622,45771,45923,46071,46213,46357,46504,46656,46816,46982,47145,47310,47482,47657,47830,48002,48174,48351,48525,48692,48858,49023,49187,49346,49502,49662,49826,49984,50140,50297,50449,50606,50760,50911,51065,51212,51358,51502,51659,51816,51957,52105,52260,52415,52574,52734,52898,53074,53258,53437,53612
Poland,616,38539,38141,37843,37695,37538,37372,37199,37018,36831,36640,36444,36244,36039,35830,35617,35400,35180,34956,34730,34499,34266,34031,33793,33552,33309,33063,32814,32561,32306,32048,31786,31520,31251,30978,30702,30423,30139,29852,29561,29265,28965,28661,28354,28044,27732,27418,27104,26788,26473,26158,25844,25534,25226,24922,24623,24328,24038,23753,23473,23199,22931,22670,22416,22166,21923,21685,21453,21225,21002,20783,20568,20356,20147,19940,19735,19532,19330
Morocco,504,38081,38431,38762,39080,39384,39675,39953,40222,40478,40723,40957,41182,41398,41604,41802,41990,42168,42339,42500,42650,42792,42925,43046,43158,43262,43356,43440,43517,43582,43636,43677,43708,43726,43735,43736,43727,43707,43680,43643,43598,43546,43483,43414,43341,43260,43173,43078,42977,42870,42755,42635,42510,42381,42246,42105,41959,41806,41650,41490,41326,41157,40981,40800,40618,40433,40244,40048,39847,39642,39434,39223,39008,38790,38568,38344,38116,37884
Angola,24,37886,39040,40215,41415,42642,43892,45160,46450,47760,49091,50447,51822,53216,54626,56054,57502,58965,60441,61928,63431,64945,66464,68001,69554,71119,72701,74295,75893,77502,79123,80753,82392,84032,85679,87336,88992,90648,92311,93970,95625,97283,98933,100578,102219,103858,105499,107137,108768,110391,112014,113631,115221,116788,118356,119925,121471,123012,124543,126039,127516,128986,130454,131909,133335,134748,136163,137557,138920,140249,141550,142835,144103,145341,146550,147743,148913,150046
Ukraine,804,37860,38980,39536,39245,38952,38654,38354,38051,37747,37442,37136,36828,36520,36210,35898,35584,35271,34958,34642,34324,34004,33680,33352,33018,32681,32339,31990,31637,31280,30918,30553,30185,29813,29440,29064,28688,28311,27935,27559,27184,26809,26436,26064,25694,25326,24959,24594,24232,23872,23514,23157,22803,22452,22103,21758,21415,21076,20740,20408,20079,19755,19435,19121,18810,18505,18205,17909,17618,17331,17050,16772,16500,16232,15967,15706,15450,15197
Uzbekistan,860,36362,37053,37724,38376,39011,39634,40248,40850,41442,42026,42603,43175,43744,44314,44886,45462,46044,46637,47240,47852,48471,49096,49724,50352,50976,51596,52211,52820,53423,54019,54607,55185,55753,56312,56863,57405,57938,58460,58972,59477,59974,60463,60944,61419,61889,62355,62817,63277,63733,64186,64637,65085,65531,65978,66423,66859,67289,67716,68136,68551,68965,69371,69767,70157,70540,70915,71281,71635,71979,72314,72641,72956,73257,73549,73829,74096,74350
Malaysia,458,35558,35978,36385,36785,37183,37574,37962,38348,38728,39098,39458,39815,40167,40512,40853,41186,41510,41829,42144,42456,42754,43038,43314,43580,43832,44066,44290,44503,44702,44890,45064,45220,45363,45498,45623,45741,45850,45948,46033,46106,46171,46227,46270,46305,46332,46355,46373,46385,46391,46385,46371,46351,46327,46292,46243,46187,46119,46044,45966,45880,45790,45698,45600,45496,45390,45282,45173,45062,44950,44836,44720,44604,44487,44370,44256,44144,44026
Mozambique,508,34632,35632,36640,37669,38714,39775,40847,41931,43033,44145,45274,46412,47549,48685,49822,50971,52124,53271,54423,55575,56717,57852,58981,60118,61255,62397,63531,64647,65768,66879,67981,69094,70220,71344,72455,73558,74638,75712,76774,77788,78781,79768,80749,81717,82665,83625,84572,85490,86391,87272,88128,88965,89794,90608,91416,92208,92965,93700,94432,95160,95858,96529,97186,97829,98455,99063,99654,100196,100715,101238,101738,102218,102685,103127,103552,103959,104347
Ghana,288,34427,35064,35698,36328,36959,37590,38222,38857,39493,40133,40774,41413,42047,42682,43315,43943,44568,45191,45809,46422,47030,47634,48232,48823,49409,49984,50553,51112,51661,52200,52733,53257,53774,54281,54779,55269,55750,56223,56689,57144,57590,58027,58454,58877,59292,59696,60089,60478,60859,61229,61593,61952,62303,62643,62975,63297,63606,63906,64193,64469,64732,64981,65222,65457,65683,65897,66100,66291,66469,66635,66793,66941,67078,67209,67332,67446,67548
Peru,604,34218,34577,34922,35256,35578,35891,36194,36488,36775,37054,37327,37591,37848,38097,38337,38570,38795,39012,39220,39421,39613,39797,39972,40138,40295,40443,40584,40716,40841,40957,41065,41165,41257,41339,41413,41479,41535,41584,41624,41656,41679,41694,41700,41699,41689,41671,41645,41611,41569,41521,41464,41400,41330,41252,41168,41078,40981,40879,40771,40657,40539,40415,40287,40155,40019,39879,39736,39591,39442,39290,39135,38979,38820,38658,38495,38330,38163
Saudi Arabia,682,33963,34566,35166,35759,36344,36911,37444,37956,38469,38982,39497,40013,40529,41045,41562,42077,42592,43107,43620,44133,44645,45156,45667,46175,46683,47189,47694,48198,48701,49203,49704,50203,50701,51198,51693,52187,52679,53169,53657,54142,54625,55105,55583,56058,56530,56998,57463,57923,58381,58835,59287,59736,60184,60630,61075,61520,61965,62411,62858,63305,63752,64201,64651,65103,65556,66010,66465,66922,67380,67837,68294,68750,69205,69659,70110,70559,71007
Madagascar,450,31965,32741,33522,34309,35100,35895,36693,37496,38301,39109,39920,40734,41551,42371,43194,44019,44847,45677,46509,47342,48177,49011,49847,50682,51517,52352,53185,54017,54845,55671,56494,57313,58130,58942,59750,60554,61353,62145,62931,63709,64480,65243,65997,66744,67481,68209,68926,69634,70333,71021,71697,72363,73016,73657,74288,74906,75512,76107,76691,77265,77829,78382,78926,79460,79983,80494,80993,81481,81958,82424,82878,83319,83748,84166,84571,84963,85341
Côte d'Ivoire,384,31934,32712,33494,34281,35077,35883,36699,37529,38377,39244,40133,41034,41948,42880,43824,44779,45744,46717,47702,48701,49709,50716,51718,52721,53731,54739,55747,56760,57773,58783,59798,60816,61826,62832,63844,64856,65861,66873,67888,68908,69935,70968,72014,73060,74102,75139,76166,77194,78212,79220,80225,81236,82241,83234,84223,85204,86180,87154,88121,89081,90021,90947,91880,92808,93724,94639,95557,96471,97375,98256,99121,99976,100815,101636,102447,103252,104043
Nepal,524,29651,29618,29629,29727,29948,30232,30510,30781,31045,31304,31555,31798,32034,32262,32485,32701,32910,33112,33309,33499,33683,33861,34033,34197,34352,34500,34642,34777,34903,35020,35130,35232,35327,35414,35493,35563,35623,35674,35717,35751,35776,35792,35800,35800,35792,35777,35752,35718,35677,35628,35569,35503,35429,35347,35258,35159,35053,34941,34823,34697,34564,34422,34276,34125,33969,33808,33642,33473,33300,33123,32944,32764,32581,32396,32209,32021,31831
Cameroon,120,29124,29879,30641,31410,32191,32979,33777,34584,35400,36223,37055,37894,38742,39600,40463,41333,42208,43090,43976,44858,45741,46629,47519,48414,49309,50203,51096,51989,52886,53780,54671,55557,56438,57321,58205,59085,59961,60831,61695,62555,63412,64266,65117,65962,66799,67631,68458,69281,70100,70912,71717,72514,73297,74071,74838,75594,76344,77085,77810,78524,79226,79917,80595,81263,81921,82568,83203,83826,84434,85029,85617,86190,86751,87302,87839,88362,88876
Venezuela (Bolivarian Republic of),862,28406,28517,28634,28759,28885,29014,29152,29296,29443,29587,29735,29883,30020,30147,30268,30386,30495,30590,30675,30750,30814,30871,30923,30974,31022,31060,31095,31122,31146,31168,31184,31198,31210,31213,31211,31206,31198,31189,31177,31163,31148,31128,31101,31067,31033,30997,30958,30916,30874,30830,30788,30744,30694,30642,30583,30520,30456,30391,30323,30252,30179,30101,30016,29924,29829,29728,29620,29508,29394,29271,29142,29008,28868,28723,28575,28427,28281
Niger,562,27032,27918,28815,29724,30644,31575,32518,33470,34429,35397,36372,37353,38340,39330,40323,41318,42317,43319,44326,45337,46353,47374,48398,49424,50452,51483,52514,53547,54580,55612,56643,57670,58692,59709,60722,61727,62724,63715,64697,65670,66632,67583,68524,69455,70372,71276,72166,73042,73903,74750,75580,76396,77197,77981,78747,79495,80227,80941,81637,82316,82974,83611,84228,84824,85402,85960,86498,87017,87518,87999,88459,88899,89322,89725,90108,90472,90819
Australia,36,26713,26974,27227,27474,27719,27957,28189,28418,28642,28862,29079,29296,29514,29727,29938,30148,30357,30570,30786,31002,31216,31431,31650,31866,32082,32297,32507,32716,32922,33126,33331,33539,33745,33949,34157,34363,34563,34765,34969,35175,35378,35577,35785,35997,36211,36425,36635,36840,37041,37245,37452,37660,37866,38074,38284,38493,38701,38913,39127,39341,39553,39759,39970,40188,40416,40646,40877,41111,41345,41575,41797,42016,42243,42477,42707,42927,43144
Dem. People's Republic of Korea,408,26499,26571,26634,26686,26729,26762,26785,26798,26801,26795,26780,26758,26727,26690,26646,26597,26542,26483,26421,26354,26284,26210,26133,26052,25968,25879,25787,25691,25592,25489,25383,25274,25161,25045,24927,24806,24683,24557,24431,24303,24174,24045,23915,23785,23656,23527,23398,23270,23142,23014,22887,22760,22633,22507,22380,22252,22125,21997,21868,21739,21609,21479,21349,21217,21086,20954,20822,20689,20557,20424,20293,20161,20030,19899,19769,19641,19512
Syrian Arab Republic,760,24673,25620,26472,27262,28007,28719,29396,30030,30634,31212,31768,32295,32788,33258,33711,34131,34533,34917,35280,35623,35944,36265,36583,36879,37171,37478,37793,38104,38405,38722,39054,39368,39671,39961,40238,40530,40824,41088,41335,41579,41823,42069,42294,42493,42677,42839,42982,43123,43261,43381,43482,43575,43662,43726,43767,43813,43890,43971,44034,44078,44109,44142,44149,44136,44135,44138,44123,44101,44081,44052,44013,43975,43935,43878,43817,43754,43687
Mali,466,24479,25199,25932,26679,27441,28216,29003,29805,30619,31443,32277,33118,33968,34823,35686,36549,37414,38281,39151,40026,40903,41779,42656,43531,44406,45280,46154,47029,47903,48775,49641,50507,51370,52230,53087,53939,54787,55632,56470,57301,58126,58941,59750,60555,61354,62143,62919,63688,64445,65187,65917,66631,67330,68017,68691,69352,69994,70623,71238,71836,72419,72981,73526,74054,74568,75063,75540,75997,76435,76856,77265,77657,78028,78381,78720,79044,79354
Burkina Faso,854,23549,24075,24602,25131,25662,26195,26730,27271,27815,28364,28917,29470,30020,30568,31113,31655,32194,32729,33261,33789,34312,34830,35340,35842,36337,36823,37304,37777,38243,38702,39152,39595,40030,40459,40883,41297,41703,42105,42497,42879,43255,43621,43977,44326,44666,44996,45317,45627,45928,46220,46499,46764,47017,47262,47492,47707,47910,48101,48280,48449,48606,48752,48889,49017,49135,49242,49339,49423,49500,49570,49630,49682,49729,49771,49806,49834,49854
"China, Taiwan Province of China",158,23214,23113,23011,22908,22804,22698,22590,22477,22361,22241,22115,21985,21850,21709,21564,21413,21257,21096,20929,20757,20581,20399,20214,20025,19832,19635,19435,19233,19029,18822,18611,18398,18184,17968,17749,17527,17303,17075,16847,16619,16392,16164,15938,15713,15489,15266,15046,14827,14609,14394,14182,13973,13768,13567,13369,13175,12986,12802,12623,12448,12277,12111,11949,11792,11637,11486,11338,11193,11052,10915,10779,10646,10516,10388,10262,10138,10017
Sri Lanka,144,23104,23229,23348,23462,23569,23671,23768,23862,23951,24038,24119,24196,24270,24340,24407,24469,24527,24579,24625,24667,24703,24736,24766,24787,24801,24809,24814,24815,24812,24805,24795,24784,24767,24745,24719,24691,24659,24625,24589,24548,24502,24451,24398,24343,24286,24230,24171,24110,24047,23980,23908,23833,23759,23681,23600,23515,23425,23333,23240,23144,23046,22945,22840,22735,22629,22521,22409,22298,22186,22073,21959,21843,21726,21608,21488,21368,21249
Malawi,454,21655,22216,22786,23366,23954,24554,25160,25764,26367,26978,27595,28214,28836,29463,30082,30692,31302,31911,32518,33122,33737,34351,34960,35568,36166,36761,37362,37964,38569,39175,39770,40358,40938,41511,42081,42656,43228,43786,44330,44855,45372,45891,46409,46922,47428,47924,48410,48890,49355,49807,50257,50709,51164,51619,52055,52475,52893,53305,53704,54095,54462,54812,55160,55501,55839,56166,56481,56783,57074,57355,57622,57879,58136,58390,58636,58889,59141
Zambia,894,21315,21914,22522,23139,23761,24390,25025,25667,26312,26960,27612,28267,28925,29583,30241,30896,31550,32204,32857,33511,34166,34821,35476,36129,36782,37435,38083,38729,39373,40015,40657,41298,41936,42571,43205,43837,44468,45095,45716,46333,46945,47552,48152,48747,49338,49927,50511,51088,51658,52223,52780,53329,53872,54408,54939,55460,55975,56484,56983,57475,57959,58434,58901,59362,59811,60248,60677,61099,61513,61915,62311,62698,63071,63435,63791,64137,64474
Kazakhstan,398,20593,20844,21084,21316,21548,21777,22003,22227,22453,22679,22903,23126,23349,23571,23793,24018,24247,24478,24708,24941,25175,25410,25643,25876,26107,26329,26544,26758,26969,27178,27382,27579,27775,27960,28137,28312,28484,28653,28819,28982,29143,29303,29460,29612,29762,29916,30071,30223,30371,30517,30666,30815,30963,31109,31255,31395,31531,31669,31800,31930,32061,32187,32310,32433,32549,32659,32766,32870,32970,33068,33167,33266,33360,33446,33524,33600,33672
Chad,148,20299,21004,21560,22175,22848,23526,24207,24897,25596,26298,26997,27697,28411,29133,29856,30585,31307,32035,32778,33525,34272,35026,35788,36547,37317,38089,38858,39636,40417,41199,41975,42755,43535,44307,45076,45853,46633,47395,48139,48878,49619,50353,51078,51783,52471,53160,53842,54525,55210,55885,56539,57186,57827,58459,59091,59718,60327,60926,61500,62056,62615,63162,63692,64204,64697,65177,65662,66127,66573,67006,67409,67793,68176,68557,68907,69227,69547
Chile,152,19765,19860,19946,20026,20101,20170,20233,20291,20342,20385,20423,20456,20485,20508,20524,20536,20542,20543,20540,20533,20520,20499,20473,20444,20408,20366,20320,20269,20211,20146,20075,19998,19916,19828,19736,19639,19537,19430,19318,19201,19078,18951,18821,18688,18552,18415,18277,18135,17992,17848,17700,17549,17396,17240,17081,16921,16759,16595,16431,16266,16098,15929,15758,15586,15412,15238,15065,14893,14724,14556,14389,14224,14061,13901,13743,13586,13431
Romania,642,19015,18909,18801,18692,18582,18471,18360,18248,18136,18023,17909,17794,17678,17561,17444,17327,17210,17092,16974,16856,16738,16620,16503,16385,16266,16146,16027,15908,15787,15665,15542,15417,15289,15160,15030,14900,14768,14636,14503,14371,14240,14111,13983,13860,13739,13621,13504,13391,13279,13172,13066,12963,12861,12761,12663,12566,12470,12376,12285,12195,12107,12020,11933,11849,11765,11682,11598,11516,11433,11350,11268,11186,11103,11020,10936,10853,10768
Somalia,706,19009,19655,20306,20959,21602,22248,22915,23590,24259,24922,25594,26295,27009,27731,28456,29168,29896,30636,31350,32058,32780,33510,34248,34996,35744,36475,37207,37954,38699,39447,40220,41010,41786,42542,43280,44047,44853,45622,46352,47079,47818,48562,49283,49981,50661,51337,52028,52719,53391,54056,54721,55346,55939,56554,57176,57789,58379,58913,59446,60002,60549,61103,61650,62150,62610,63052,63509,63981,64428,64848,65254,65643,66025,66384,66717,67052,67364
Senegal,686,18502,18932,19367,19807,20255,20707,21163,21624,22086,22549,23012,23477,23942,24408,24873,25336,25798,26257,26716,27175,27633,28090,28546,29002,29457,29912,30365,30817,31267,31715,32163,32611,33060,33506,33950,34389,34822,35254,35684,36109,36529,36944,37354,37756,38151,38541,38923,39296,39664,40026,40380,40729,41068,41397,41718,42032,42337,42637,42930,43220,43502,43776,44044,44303,44552,44796,45033,45261,45482,45697,45907,46110,46304,46493,46674,46847,47014
Guatemala,320,18406,18688,18968,19246,19522,19795,20067,20337,20605,20871,21134,21394,21650,21902,22149,22391,22627,22857,23081,23299,23512,23719,23920,24116,24306,24491,24671,24845,25015,25179,25338,25489,25635,25776,25909,26036,26157,26271,26378,26479,26574,26662,26742,26816,26882,26941,26992,27036,27072,27102,27124,27140,27150,27154,27152,27143,27128,27107,27080,27048,27011,26970,26923,26871,26816,26757,26695,26629,26560,26487,26412,26334,26254,26172,26087,26001,25912
Netherlands,528,18229,18347,18449,18538,18619,18693,18757,18814,18864,18908,18946,18977,19005,19027,19043,19055,19063,19066,19065,19060,19053,19042,19031,19016,18999,18979,18958,18934,18909,18884,18858,18831,18802,18771,18741,18712,18683,18655,18630,18606,18583,18561,18541,18525,18509,18494,18478,18463,18447,18429,18411,18392,18368,18341,18312,18282,18251,18219,18184,18148,18111,18074,18036,17998,17960,17920,17879,17838,17799,17759,17720,17681,17645,17609,17575,17542,17508
Ecuador,218,18135,18290,18445,18600,18757,18914,19070,19223,19373,19519,19661,19800,19935,20066,20194,20316,20434,20547,20656,20759,20857,20951,21039,21121,21199,21271,21337,21398,21454,21505,21550,21591,21626,21657,21683,21704,21720,21731,21738,21740,21738,21730,21718,21702,21681,21656,21625,21590,21551,21506,21458,21404,21347,21285,21219,21148,21074,20996,20915,20831,20744,20654,20562,20466,20369,20270,20168,20065,19961,19855,19749,19641,19533,19423,19314,19203,19092
Cambodia,116,17639,17848,18051,18250,18447,18639,18827,19012,19193,19372,19547,19720,19890,20056,20221,20383,20541,20695,20848,20999,21145,21286,21424,21558,21687,21812,21931,22046,22156,22259,22358,22452,22541,22625,22706,22782,22853,22918,22977,23031,23082,23128,23169,23208,23242,23271,23296,23317,23337,23352,23364,23373,23380,23386,23387,23385,23380,23374,23366,23356,23342,23324,23304,23281,23257,23230,23198,23166,23132,23093,23051,23007,22960,22909,22854,22797,22739
Zimbabwe,716,16634,16951,17274,17601,17932,18269,18610,18956,19311,19676,20041,20409,20779,21145,21513,21881,22250,22627,23001,23371,23741,24102,24462,24816,25168,25519,25866,26217,26564,26905,27238,27564,27885,28203,28518,28826,29129,29434,29740,30044,30336,30625,30911,31193,31471,31743,32010,32270,32534,32801,33057,33302,33544,33780,34007,34225,34440,34648,34844,35031,35213,35388,35556,35721,35872,36012,36154,36284,36405,36516,36626,36740,36840,36932,37020,37097,37167
Guinea,324,14755,15100,15442,15784,16127,16467,16807,17148,17486,17822,18154,18486,18821,19156,19489,19824,20161,20497,20831,21163,21492,21817,22142,22463,22780,23093,23405,23716,24024,24332,24634,24930,25222,25507,25788,26065,26332,26593,26851,27105,27352,27592,27826,28055,28277,28494,28703,28905,29101,29289,29472,29651,29824,29987,30143,30296,30442,30583,30719,30847,30970,31086,31194,31290,31379,31463,31539,31608,31673,31734,31789,31836,31877,31916,31951,31982,32007
Benin,204,14463,14814,15170,15529,15890,16254,16619,16986,17357,17731,18110,18493,18878,19264,19655,20050,20446,20843,21243,21644,22043,22444,22846,23245,23642,24039,24434,24828,25221,25610,25998,26386,26768,27147,27524,27899,28273,28643,29012,29379,29746,30111,30471,30826,31177,31529,31879,32224,32565,32901,33229,33548,33860,34169,34473,34771,35063,35349,35632,35911,36178,36439,36694,36943,37187,37424,37652,37871,38086,38295,38500,38701,38893,39075,39250,39422,39588
Rwanda,646,14257,14569,14890,15214,15536,15845,16155,16473,16772,17073,17402,17746,18077,18396,18730,19077,19441,19806,20154,20501,20837,21153,21459,21765,22086,22404,22708,23008,23300,23583,23868,24159,24442,24709,25006,25306,25577,25865,26141,26401,26669,26933,27184,27431,27684,27913,28139,28368,28590,28810,29016,29214,29401,29584,29770,29953,30142,30323,30501,30679,30836,30977,31125,31297,31465,31634,31781,31883,31995,32121,32229,32337,32445,32524,32600,32692,32779
Burundi,108,14048,14390,14729,15077,15444,15816,16182,16555,16935,17318,17701,18086,18483,18893,19306,19719,20131,20538,20952,21371,21786,22198,22586,22970,23358,23749,24132,24499,24871,25246,25620,25985,26343,26696,27039,27384,27731,28076,28421,28759,29095,29450,29808,30159,30506,30843,31183,31506,31818,32139,32451,32760,33059,33355,33650,33929,34188,34444,34704,34939,35161,35393,35616,35814,36011,36216,36403,36570,36734,36896,37064,37222,37360,37496,37634,37764,37874
Bolivia (Plurinational State of),68,12413,12582,12749,12916,13080,13244,13406,13566,13723,13879,14033,14184,14332,14478,14621,14762,14899,15034,15166,15295,15420,15543,15662,15779,15892,16003,16110,16214,16315,16413,16507,16598,16687,16771,16853,16932,17007,17080,17149,17215,17278,17338,17395,17449,17500,17546,17590,17631,17669,17704,17736,17766,17792,17815,17836,17853,17868,17880,17890,17898,17904,17907,17909,17909,17907,17904,17899,17892,17884,17874,17863,17850,17836,17820,17802,17782,17761
Tunisia,788,12277,12349,12415,12476,12532,12583,12628,12670,12709,12747,12781,12812,12842,12872,12900,12927,12954,12980,13005,13030,13054,13076,13096,13113,13128,13138,13145,13148,13147,13141,13131,13116,13096,13072,13045,13014,12979,12941,12900,12857,12812,12764,12715,12665,12613,12560,12507,12453,12400,12346,12292,12238,12184,12130,12073,12016,11959,11903,11847,11789,11731,11672,11612,11551,11489,11426,11361,11296,11229,11161,11091,11020,10948,10876,10803,10728,10652
South Sudan,728,11943,12189,12436,12687,12942,13198,13457,13725,13996,14262,14528,14799,15070,15336,15596,15851,16101,16350,16593,16829,17060,17286,17510,17728,17938,18143,18342,18543,18754,18961,19161,19359,19552,19745,19934,20123,20308,20483,20659,20836,21010,21186,21356,21521,21690,21849,21990,22132,22278,22421,22562,22691,22799,22902,23005,23102,23187,23261,23335,23408,23478,23535,23584,23628,23667,23710,23741,23761,23780,23795,23798,23802,23811,23815,23823,23835,23841
Haiti,332,11773,11906,12038,12168,12297,12425,12552,12678,12802,12925,13046,13165,13282,13398,13512,13624,13734,13842,13948,14052,14154,14253,14350,14444,14535,14624,14711,14794,14874,14950,15022,15090,15154,15216,15274,15328,15378,15424,15467,15507,15542,15575,15604,15629,15652,15671,15686,15699,15709,15717,15722,15724,15724,15722,15717,15710,15701,15690,15676,15661,15644,15625,15604,15581,15556,15530,15502,15473,15442,15410,15377,15343,15307,15270,15231,15192,15151
Belgium,56,11739,11759,11775,11789,11802,11814,11824,11833,11841,11849,11857,11864,11870,11877,11883,11888,11892,11896,11899,11901,11902,11901,11899,11895,11889,11881,11871,11859,11844,11827,11809,11790,11770,11748,11726,11706,11685,11662,11640,11618,11597,11577,11558,11540,11523,11507,11491,11476,11463,11450,11437,11425,11413,11401,11388,11374,11361,11348,11335,11321,11308,11294,11281,11266,11251,11236,11222,11208,11193,11177,11161,11145,11130,11114,11097,11079,11061
Jordan,400,11553,11521,11590,11819,12034,12246,12449,12653,12855,13051,13245,13441,13638,13840,14048,14257,14471,14685,14884,15078,15274,15472,15662,15842,16021,16198,16367,16525,16677,16823,16957,17095,17234,17373,17519,17662,17802,17942,18087,18227,18354,18483,18618,18744,18872,18995,19110,19229,19341,19449,19550,19652,19752,19844,19933,20022,20110,20201,20292,20366,20429,20502,20573,20640,20709,20785,20858,20933,21000,21049,21090,21135,21181,21217,21257,21292,21323
Dominican Republic,214,11428,11520,11610,11696,11780,11861,11939,12014,12087,12157,12224,12289,12352,12413,12471,12526,12579,12631,12680,12727,12773,12816,12857,12895,12931,12965,12996,13025,13051,13073,13092,13109,13123,13134,13143,13149,13153,13153,13151,13147,13139,13130,13118,13105,13089,13071,13051,13028,13004,12978,12950,12920,12888,12855,12819,12782,12742,12701,12659,12614,12569,12522,12473,12422,12371,12319,12265,12210,12154,12097,12039,11980,11921,11861,11800,11738,11675
United Arab Emirates,784,11027,11346,11575,11756,11912,12055,12191,12327,12468,12612,12760,12911,13064,13219,13376,13534,13694,13855,14016,14179,14343,14507,14674,14844,15017,15192,15367,15544,15721,15900,16081,16265,16450,16638,16828,17020,17215,17412,17613,17818,18026,18237,18451,18668,18888,19110,19334,19560,19787,20016,20245,20474,20704,20933,21162,21390,21617,21844,22070,22295,22519,22742,22964,23186,23408,23631,23853,24075,24298,24522,24747,24974,25202,25432,25664,25898,26134
Cuba,192,10980,10937,10893,10847,10800,10751,10701,10650,10597,10544,10488,10432,10374,10314,10253,10190,10126,10059,9991,9921,9849,9775,9700,9623,9544,9464,9382,9299,9214,9127,9039,8950,8860,8770,8680,8590,8500,8411,8322,8235,8149,8064,7981,7899,7819,7740,7662,7586,7510,7436,7362,7288,7215,7142,7069,6997,6924,6851,6779,6706,6634,6562,6491,6421,6351,6282,6214,6147,6080,6015,5950,5886,5823,5761,5699,5638,5577
Honduras,340,10826,11006,11185,11362,11538,11713,11885,12056,12224,12389,12553,12714,12873,13029,13184,13335,13485,13632,13777,13920,14060,14198,14333,14466,14596,14722,14847,14968,15087,15202,15315,15424,15529,15632,15730,15826,15917,16006,16090,16171,16249,16323,16393,16460,16524,16584,16640,16694,16744,16790,16833,16873,16910,16944,16975,17003,17027,17050,17069,17086,17100,17112,17121,17128,17133,17135,17136,17134,17129,17123,17115,17105,17093,17080,17065,17048,17030
Czechia,203,10736,10609,10528,10506,10481,10454,10425,10395,10364,10331,10299,10266,10233,10201,10169,10138,10107,10077,10048,10020,9992,9965,9938,9910,9882,9854,9826,9795,9764,9731,9696,9660,9622,9581,9539,9496,9451,9405,9357,9308,9259,9209,9160,9111,9064,9018,8973,8930,8888,8849,8812,8777,8743,8712,8683,8655,8628,8602,8578,8556,8534,8513,8493,8473,8455,8437,8418,8401,8383,8365,8347,8329,8310,8290,8270,8250,8228
Sweden,752,10607,10657,10701,10741,10778,10812,10842,10869,10894,10919,10942,10965,10988,11010,11032,11055,11079,11103,11127,11153,11178,11203,11226,11249,11270,11290,11310,11327,11342,11354,11363,11371,11377,11382,11387,11390,11391,11393,11394,11394,11394,11395,11396,11396,11397,11400,11404,11408,11412,11415,11419,11422,11426,11429,11431,11433,11432,11430,11426,11422,11418,11413,11407,11401,11398,11395,11393,11391,11389,11387,11385,11382,11380,11379,11376,11372,11367
Tajikistan,762,10591,10787,10979,11168,11357,11545,11733,11920,12110,12302,12497,12696,12899,13104,13308,13511,13714,13915,14115,14312,14505,14695,14879,15060,15237,15408,15575,15738,15899,16056,16210,16364,16516,16669,16821,16971,17120,17264,17405,17546,17685,17820,17951,18080,18204,18325,18443,18554,18661,18761,18858,18950,19040,19125,19205,19280,19353,19422,19488,19555,19620,19680,19736,19791,19843,19892,19938,19982,20024,20060,20092,20121,20146,20167,20183,20195,20202
Papua New Guinea,598,10577,10763,10948,11131,11313,11493,11671,11848,12023,12197,12369,12541,12711,12880,13047,13213,13376,13537,13696,13853,14010,14166,14319,14469,14617,14764,14907,15046,15185,15320,15452,15582,15707,15830,15950,16068,16184,16297,16405,16509,16613,16715,16815,16913,17007,17098,17185,17270,17353,17431,17506,17579,17649,17717,17784,17848,17912,17974,18030,18085,18138,18189,18238,18284,18326,18366,18406,18443,18477,18508,18536,18561,18583,18602,18617,18630,18641
Portugal,620,10425,10412,10395,10378,10358,10337,10318,10298,10277,10255,10232,10208,10185,10161,10136,10110,10082,10055,10028,10000,9969,9938,9906,9873,9841,9806,9770,9735,9698,9661,9623,9585,9547,9510,9472,9433,9396,9359,9323,9287,9251,9216,9184,9152,9120,9089,9061,9034,9009,8986,8963,8942,8923,8907,8893,8880,8868,8858,8849,8842,8835,8829,8824,8819,8814,8809,8805,8801,8796,8791,8786,8780,8774,8768,8763,8759,8754
Azerbaijan,31,10337,10398,10455,10509,10563,10615,10665,10715,10763,10810,10855,10899,10940,10980,11016,11050,11081,11109,11133,11155,11173,11189,11202,11212,11219,11224,11225,11224,11222,11217,11210,11202,11191,11179,11165,11151,11136,11119,11102,11085,11067,11048,11028,11007,10985,10962,10937,10911,10885,10857,10828,10799,10769,10739,10708,10677,10645,10613,10580,10549,10518,10487,10456,10425,10395,10365,10335,10305,10275,10245,10215,10184,10152,10121,10088,10055,10021
Greece,300,10048,9939,9897,9854,9810,9766,9722,9678,9632,9586,9542,9496,9452,9407,9363,9319,9276,9232,9190,9147,9103,9058,9013,8966,8916,8865,8812,8758,8702,8645,8587,8526,8463,8400,8335,8269,8203,8137,8071,8004,7938,7872,7807,7742,7677,7613,7551,7491,7433,7376,7322,7271,7221,7173,7127,7083,7040,7000,6960,6922,6885,6848,6812,6776,6740,6703,6667,6630,6594,6556,6518,6479,6439,6399,6358,6317,6276
Hungary,348,9676,9632,9586,9553,9520,9485,9449,9412,9375,9337,9299,9260,9221,9182,9144,9105,9068,9031,8994,8959,8924,8889,8855,8822,8789,8757,8725,8694,8663,8631,8600,8567,8534,8501,8467,8433,8398,8362,8326,8289,8252,8215,8179,8144,8109,8075,8042,8010,7980,7951,7923,7897,7872,7849,7827,7805,7785,7765,7746,7728,7711,7693,7676,7659,7643,7628,7612,7597,7582,7567,7552,7537,7522,7508,7493,7477,7461
Togo,768,9515,9722,9931,10143,10356,10572,10793,11019,11247,11476,11706,11938,12171,12404,12641,12881,13121,13362,13605,13851,14100,14348,14595,14842,15088,15337,15585,15831,16078,16321,16563,16808,17054,17295,17533,17769,18005,18245,18484,18726,18968,19206,19445,19684,19924,20163,20395,20625,20853,21083,21313,21544,21771,21990,22202,22420,22642,22863,23077,23287,23491,23691,23892,24082,24267,24452,24633,24812,24986,25154,25326,25497,25662,25826,25987,26146,26301
Israel,376,9387,9517,9648,9779,9911,10042,10176,10313,10449,10584,10719,10858,10997,11139,11284,11433,11581,11731,11883,12036,12190,12342,12493,12642,12791,12941,13093,13244,13396,13548,13703,13858,14009,14158,14304,14449,14595,14740,14881,15023,15164,15302,15440,15577,15716,15857,15999,16140,16271,16400,16533,16668,16805,16945,17089,17231,17374,17514,17649,17783,17919,18054,18185,18312,18434,18551,18667,18788,18907,19025,19139,19247,19353,19455,19552,19650,19747
Austria,40,9121,9114,9107,9101,9096,9090,9080,9069,9057,9043,9029,9014,8999,8983,8966,8951,8934,8918,8901,8883,8864,8845,8824,8802,8778,8752,8724,8697,8668,8637,8604,8571,8537,8502,8466,8430,8395,8360,8326,8291,8258,8226,8193,8162,8131,8102,8073,8045,8018,7990,7964,7937,7912,7885,7857,7831,7806,7781,7756,7731,7705,7680,7657,7635,7613,7590,7569,7549,7531,7513,7497,7480,7463,7446,7430,7414,7399
Belarus,112,9057,8998,8937,8876,8814,8751,8688,8624,8561,8498,8435,8372,8310,8249,8187,8126,8064,8003,7943,7883,7823,7763,7703,7643,7581,7517,7454,7389,7322,7254,7185,7115,7043,6971,6899,6827,6754,6681,6609,6537,6465,6393,6322,6251,6181,6113,6044,5977,5910,5845,5780,5716,5653,5590,5528,5468,5408,5349,5291,5234,5177,5122,5068,5014,4961,4909,4858,4806,4755,4704,4654,4603,4553,4502,4452,4401,4351
Switzerland,756,8922,8967,9008,9044,9077,9105,9130,9154,9175,9192,9209,9224,9237,9248,9258,9266,9276,9285,9293,9302,9309,9315,9321,9328,9335,9340,9343,9344,9344,9341,9335,9327,9319,9313,9306,9297,9287,9277,9266,9256,9245,9234,9222,9213,9205,9197,9187,9177,9169,9160,9151,9143,9137,9131,9124,9117,9110,9104,9098,9093,9088,9084,9081,9080,9080,9079,9080,9083,9086,9088,9091,9096,9101,9106,9113,9120,9126
Sierra Leone,694,8642,8820,8997,9175,9349,9521,9695,9870,10047,10221,10391,10563,10734,10902,11066,11230,11398,11566,11729,11888,12049,12209,12363,12513,12660,12805,12948,13093,13236,13373,13502,13629,13755,13876,13994,14108,14219,14327,14435,14540,14637,14733,14829,14925,15016,15100,15178,15252,15322,15390,15451,15508,15565,15617,15667,15712,15752,15791,15828,15863,15891,15913,15937,15959,15973,15986,15997,16005,16010,16009,16007,16003,15993,15980,15966,15953,15934
Lao People's Democratic Republic,418,7770,7873,7974,8073,8170,8264,8357,8448,8536,8623,8707,8789,8869,8947,9024,9098,9169,9238,9305,9370,9432,9493,9550,9606,9659,9710,9757,9803,9846,9886,9924,9958,9990,10019,10046,10070,10091,10110,10125,10138,10149,10157,10163,10166,10167,10165,10160,10154,10145,10134,10121,10106,10089,10070,10050,10027,10003,9978,9952,9923,9894,9862,9830,9795,9760,9723,9685,9646,9606,9566,9524,9481,9438,9394,9349,9303,9256
Turkmenistan,795,7494,7619,7737,7848,7951,8047,8136,8219,8300,8380,8460,8539,8618,8696,8775,8854,8932,9010,9088,9164,9239,9313,9384,9453,9519,9581,9640,9695,9746,9794,9838,9879,9916,9951,9983,10012,10038,10063,10085,10107,10127,10145,10163,10179,10195,10209,10222,10235,10246,10256,10264,10271,10276,10279,10281,10281,10280,10276,10271,10265,10257,10248,10237,10225,10211,10197,10180,10163,10144,10124,10103,10080,10056,10030,10004,9976,9947
"China, Hong Kong SAR",344,7415,7396,7379,7355,7325,7287,7253,7212,7172,7135,7100,7052,6993,6953,6907,6861,6817,6755,6687,6623,6564,6499,6428,6343,6256,6174,6091,6005,5917,5831,5747,5660,5569,5477,5382,5289,5199,5108,5021,4942,4858,4768,4679,4589,4498,4412,4325,4237,4149,4059,3970,3881,3793,3702,3614,3532,3448,3369,3293,3215,3133,3051,2971,2893,2819,2747,2675,2607,2543,2482,2418,2355,2297,2239,2185,2133,2080
Libya,434,7381,7459,7540,7627,7717,7802,7886,7969,8048,8127,8207,8284,8357,8432,8507,8580,8651,8720,8787,8854,8920,8984,9044,9098,9154,9209,9261,9311,9359,9406,9451,9489,9517,9545,9574,9602,9627,9647,9668,9684,9701,9722,9740,9755,9771,9790,9808,9822,9839,9857,9871,9882,9895,9904,9909,9917,9928,9939,9950,9956,9961,9967,9971,9969,9962,9951,9938,9926,9914,9899,9886,9874,9860,9842,9821,9802,9784
Kyrgyzstan,417,7186,7295,7400,7504,7605,7705,7804,7902,7998,8093,8188,8282,8377,8471,8566,8661,8758,8853,8948,9041,9132,9222,9309,9394,9479,9562,9643,9722,9798,9872,9944,10014,10082,10149,10216,10280,10341,10402,10463,10523,10581,10637,10694,10750,10805,10860,10913,10965,11016,11064,11111,11157,11201,11242,11282,11319,11355,11389,11421,11451,11481,11510,11536,11560,11583,11604,11623,11640,11655,11670,11685,11698,11709,11718,11724,11727,11730
Paraguay,600,6929,7013,7095,7176,7255,7332,7408,7482,7554,7625,7695,7764,7831,7897,7962,8025,8088,8148,8208,8267,8324,8381,8436,8489,8541,8592,8640,8688,8734,8778,8821,8862,8901,8939,8974,9008,9039,9068,9096,9122,9145,9167,9186,9203,9219,9233,9245,9256,9265,9272,9278,9283,9285,9287,9287,9286,9284,9281,9276,9271,9265,9258,9250,9241,9232,9221,9210,9197,9184,9171,9156,9141,9124,9107,9088,9069,9048
Nicaragua,558,6916,7008,7097,7186,7273,7358,7442,7524,7604,7683,7761,7837,7911,7983,8054,8123,8190,8255,8319,8380,8440,8498,8553,8607,8659,8709,8756,8802,8845,8885,8923,8959,8993,9025,9054,9082,9107,9130,9150,9168,9184,9198,9210,9219,9227,9232,9236,9237,9236,9233,9228,9222,9214,9204,9192,9179,9164,9147,9129,9109,9088,9066,9043,9018,8992,8966,8938,8910,8880,8849,8818,8786,8753,8719,8684,8648,8612
Bulgaria,100,6758,6715,6668,6618,6566,6513,6458,6403,6348,6293,6238,6183,6128,6072,6017,5962,5908,5854,5801,5750,5699,5648,5598,5549,5499,5451,5402,5354,5306,5259,5211,5163,5116,5069,5022,4974,4926,4879,4831,4784,4736,4689,4643,4597,4552,4507,4464,4421,4379,4338,4297,4258,4220,4183,4146,4111,4076,4043,4012,3981,3950,3921,3892,3865,3838,3812,3786,3760,3735,3710,3684,3659,3634,3608,3583,3557,3531
Serbia,688,6736,6689,6642,6598,6552,6507,6461,6415,6368,6321,6274,6227,6179,6131,6083,6035,5987,5940,5892,5845,5799,5753,5708,5664,5620,5576,5533,5490,5447,5406,5364,5322,5280,5239,5197,5156,5115,5074,5033,4991,4950,4909,4868,4828,4787,4747,4706,4667,4627,4588,4550,4512,4474,4437,4400,4364,4328,4293,4258,4224,4191,4158,4125,4093,4061,4030,3999,3968,3937,3907,3877,3847,3818,3788,3759,3730,3701
El Salvador,222,6338,6366,6391,6416,6441,6464,6486,6506,6526,6545,6562,6578,6593,6607,6620,6631,6641,6649,6656,6662,6666,6668,6669,6670,6669,6667,6663,6659,6652,6645,6636,6625,6612,6599,6585,6570,6554,6537,6519,6500,6478,6456,6433,6409,6384,6357,6330,6302,6273,6242,6209,6176,6141,6104,6066,6026,5985,5943,5900,5857,5812,5766,5719,5673,5626,5579,5532,5485,5439,5392,5345,5298,5252,5206,5161,5117,5073
Congo,178,6333,6484,6638,6794,6954,7116,7282,7452,7626,7803,7981,8161,8342,8525,8710,8896,9084,9275,9467,9659,9851,10042,10234,10428,10621,10814,11006,11200,11395,11589,11784,11978,12171,12364,12558,12754,12951,13148,13349,13549,13747,13945,14144,14341,14536,14734,14930,15124,15318,15510,15700,15889,16074,16257,16441,16622,16802,16980,17158,17336,17512,17684,17855,18025,18196,18362,18526,18687,18847,19003,19156,19306,19454,19601,19745,19887,20026
Denmark,208,5977,6003,6024,6041,6057,6071,6082,6092,6100,6108,6114,6120,6124,6128,6131,6133,6135,6136,6136,6136,6135,6135,6134,6132,6130,6128,6125,6121,6118,6114,6109,6104,6098,6093,6088,6083,6078,6073,6068,6063,6058,6053,6049,6045,6042,6039,6037,6034,6032,6030,6028,6025,6022,6019,6016,6013,6009,6005,6000,5994,5988,5981,5973,5965,5957,5949,5941,5932,5924,5916,5908,5901,5893,5886,5878,5871,5863
Singapore,702,5832,5871,5906,5940,5973,6004,6031,6058,6085,6111,6135,6153,6167,6178,6188,6194,6195,6191,6185,6178,6168,6156,6144,6128,6113,6099,6082,6065,6050,6037,6018,5999,5981,5964,5945,5924,5902,5878,5855,5833,5809,5781,5750,5721,5692,5662,5631,5600,5567,5531,5491,5446,5402,5359,5312,5262,5210,5156,5101,5046,4991,4936,4878,4821,4765,4708,4651,4596,4544,4493,4441,4390,4341,4294,4247,4204,4163
Lebanon,422,5806,5849,5897,5947,5998,6050,6104,6158,6211,6260,6309,6358,6408,6462,6516,6569,6620,6669,6714,6754,6794,6835,6872,6909,6944,6973,6999,7025,7050,7072,7095,7117,7140,7163,7184,7205,7226,7246,7264,7283,7299,7315,7329,7342,7353,7363,7376,7389,7401,7414,7430,7441,7446,7452,7456,7457,7458,7458,7457,7454,7451,7447,7441,7434,7423,7413,7401,7386,7369,7351,7329,7307,7285,7261,7238,7216,7193
Finland,246,5617,5623,5622,5616,5609,5601,5592,5583,5573,5563,5552,5541,5529,5517,5505,5493,5481,5468,5456,5444,5431,5418,5406,5393,5379,5366,5352,5337,5322,5307,5291,5275,5259,5243,5228,5213,5198,5183,5169,5155,5141,5127,5113,5100,5086,5073,5060,5046,5032,5018,5004,4989,4974,4959,4944,4928,4913,4897,4881,4866,4850,4835,4819,4803,4787,4772,4756,4741,4726,4710,4695,4680,4665,4649,4634,4618,4601
Liberia,430,5613,5731,5854,5987,6119,6245,6366,6487,6614,6745,6874,7004,7142,7279,7409,7546,7682,7817,7954,8077,8194,8311,8429,8552,8674,8796,8911,9020,9131,9245,9354,9464,9582,9698,9804,9920,10039,10146,10253,10358,10457,10557,10654,10751,10844,10933,11025,11119,11211,11301,11399,11492,11578,11660,11736,11812,11889,11961,12015,12062,12113,12169,12232,12281,12314,12355,12403,12437,12462,12493,12524,12549,12578,12608,12632,12647,12665
Norway,578,5577,5623,5653,5674,5693,5712,5729,5746,5761,5776,5789,5801,5813,5825,5835,5845,5854,5862,5869,5876,5881,5886,5890,5894,5897,5899,5900,5900,5899,5897,5893,5889,5883,5877,5871,5865,5858,5850,5841,5832,5823,5813,5803,5793,5784,5775,5765,5756,5747,5737,5727,5718,5708,5698,5688,5677,5665,5654,5641,5629,5615,5602,5588,5575,5561,5548,5535,5523,5511,5499,5486,5474,5462,5450,5439,5426,5414
Slovakia,703,5507,5475,5451,5441,5430,5416,5401,5385,5367,5348,5328,5307,5285,5263,5240,5216,5192,5167,5143,5118,5092,5067,5041,5016,4990,4963,4936,4909,4882,4853,4825,4795,4765,4734,4702,4669,4635,4601,4566,4530,4494,4457,4420,4383,4346,4309,4271,4234,4198,4161,4126,4091,4056,4023,3990,3958,3927,3897,3867,3839,3811,3783,3757,3731,3706,3681,3656,3633,3609,3586,3563,3540,3517,3495,3472,3450,3427
State of Palestine,275,5495,5590,5693,5800,5907,6014,6122,6233,6344,6458,6575,6693,6811,6929,7048,7169,7292,7414,7536,7657,7777,7895,8011,8124,8234,8343,8452,8559,8664,8767,8865,8961,9057,9153,9247,9339,9433,9528,9619,9707,9796,9882,9966,10048,10129,10207,10285,10362,10436,10504,10571,10636,10700,10761,10817,10869,10919,10971,11019,11062,11102,11139,11174,11206,11237,11266,11293,11319,11345,11369,11390,11410,11429,11446,11461,11474,11482
Central African Republic,140,5331,5513,5699,5888,6082,6280,6478,6680,6884,7089,7296,7503,7708,7912,8116,8322,8526,8729,8931,9135,9342,9551,9761,9973,10186,10401,10617,10834,11052,11272,11491,11710,11929,12147,12364,12580,12794,13005,13214,13424,13629,13830,14030,14229,14425,14618,14810,14998,15178,15356,15528,15698,15868,16036,16197,16350,16502,16652,16799,16945,17086,17222,17354,17484,17607,17724,17839,17951,18059,18162,18261,18359,18452,18538,18622,18703,18779
Oman,512,5282,5495,5671,5815,5929,6026,6113,6194,6275,6356,6437,6518,6599,6681,6764,6847,6932,7018,7104,7192,7281,7370,7460,7551,7642,7734,7827,7920,8014,8107,8201,8294,8387,8479,8571,8662,8752,8842,8930,9018,9106,9193,9279,9365,9450,9534,9618,9701,9784,9867,9949,10031,10113,10195,10277,10359,10441,10524,10606,10689,10772,10855,10938,11022,11105,11189,11273,11356,11440,11523,11606,11688,11771,11853,11934,12015,12095
Ireland,372,5255,5308,5357,5403,5447,5487,5525,5561,5595,5628,5658,5687,5714,5741,5768,5793,5818,5841,5863,5882,5900,5917,5931,5943,5954,5964,5970,5974,5976,5977,5977,5974,5970,5965,5957,5946,5934,5922,5910,5898,5885,5870,5855,5840,5824,5808,5791,5775,5758,5741,5725,5708,5692,5677,5662,5647,5634,5623,5611,5598,5585,5571,5557,5543,5528,5511,5494,5475,5457,5438,5419,5399,5378,5356,5333,5310,5286
New Zealand,554,5214,5252,5287,5321,5352,5381,5407,5432,5456,5479,5500,5521,5541,5560,5580,5599,5617,5636,5654,5671,5686,5701,5713,5725,5736,5745,5755,5767,5777,5786,5796,5805,5812,5818,5824,5829,5833,5836,5838,5841,5844,5848,5852,5855,5857,5858,5859,5859,5861,5864,5865,5866,5866,5867,5867,5866,5865,5863,5860,5856,5852,5849,5845,5842,5840,5839,5837,5835,5834,5833,5831,5829,5827,5824,5821,5817,5812
Mauritania,478,5169,5315,5461,5609,5758,5909,6063,6218,6375,6534,6694,6856,7019,7183,7348,7515,7682,7850,8020,8193,8365,8539,8713,8888,9064,9240,9416,9592,9770,9947,10124,10300,10476,10651,10827,11004,11180,11355,11530,11704,11878,12052,12225,12398,12569,12739,12908,13077,13244,13409,13573,13735,13896,14055,14214,14369,14521,14672,14821,14969,15115,15258,15399,15539,15676,15810,15942,16071,16198,16322,16443,16561,16678,16793,16905,17013,17118
Costa Rica,188,5130,5153,5175,5196,5215,5234,5251,5268,5284,5299,5312,5325,5336,5346,5356,5363,5370,5375,5379,5381,5382,5381,5379,5375,5370,5363,5354,5344,5332,5319,5304,5288,5271,5252,5232,5211,5189,5166,5142,5117,5092,5065,5038,5010,4981,4952,4921,4890,4858,4825,4791,4757,4722,4685,4649,4611,4573,4534,4495,4455,4415,4375,4335,4294,4253,4212,4171,4131,4090,4050,4010,3970,3931,3892,3853,3814,3776
Kuwait,414,4935,5026,5103,5168,5225,5276,5324,5372,5420,5469,5519,5570,5621,5673,5725,5778,5831,5885,5938,5992,6046,6100,6153,6207,6261,6314,6368,6421,6475,6528,6582,6636,6690,6744,6799,6855,6911,6967,7024,7082,7140,7199,7259,7319,7379,7440,7502,7565,7628,7692,7757,7822,7887,7953,8020,8087,8155,8223,8292,8361,8430,8500,8571,8642,8713,8785,8857,8930,9003,9077,9151,9225,9300,9375,9450,9526,9602
Panama,591,4516,4571,4626,4679,4732,4783,4834,4883,4932,4980,5026,5072,5117,5161,5204,5246,5287,5326,5365,5402,5438,5473,5507,5540,5571,5602,5631,5658,5685,5710,5734,5757,5779,5800,5819,5838,5856,5872,5888,5903,5917,5930,5943,5954,5965,5975,5984,5993,6000,6007,6013,6018,6022,6025,6027,6029,6030,6030,6029,6027,6025,6021,6018,6013,6008,6003,5996,5990,5982,5974,5966,5957,5948,5938,5927,5916,5905
Croatia,191,3875,3848,3822,3797,3773,3750,3726,3702,3677,3654,3630,3607,3584,3561,3537,3512,3488,3464,3439,3414,3389,3363,3338,3312,3286,3260,3234,3208,3183,3157,3131,3106,3080,3055,3029,3004,2978,2953,2928,2903,2878,2854,2830,2806,2782,2758,2735,2713,2690,2668,2646,2624,2603,2581,2560,2539,2518,2498,2478,2458,2439,2419,2400,2381,2362,2343,2325,2306,2287,2269,2250,2232,2213,2195,2177,2159,2141
Georgia,268,3808,3807,3805,3802,3799,3795,3791,3786,3780,3776,3770,3764,3758,3751,3745,3739,3733,3727,3722,3716,3711,3704,3696,3689,3681,3672,3664,3655,3645,3635,3625,3614,3602,3591,3579,3567,3554,3540,3527,3512,3497,3482,3466,3451,3436,3421,3406,3392,3378,3364,3350,3335,3320,3306,3292,3279,3266,3252,3239,3226,3212,3198,3184,3170,3155,3141,3127,3112,3098,3083,3068,3052,3037,3020,3003,2987,2969
Eritrea,232,3536,3607,3683,3760,3840,3920,4003,4085,4167,4250,4335,4421,4510,4602,4692,4780,4869,4954,5039,5124,5208,5293,5376,5457,5538,5617,5696,5776,5858,5941,6019,6095,6170,6244,6322,6400,6478,6557,6632,6709,6784,6852,6922,6993,7062,7129,7194,7257,7319,7381,7440,7498,7556,7611,7665,7716,7769,7816,7858,7902,7947,7993,8037,8076,8113,8148,8182,8215,8247,8277,8303,8329,8353,8375,8397,8421,8444
Mongolia,496,3476,3517,3557,3595,3633,3669,3705,3741,3777,3814,3851,3890,3929,3970,4011,4053,4096,4138,4181,4224,4267,4309,4350,4390,4429,4466,4501,4536,4569,4601,4631,4660,4688,4716,4742,4768,4793,4818,4842,4866,4890,4914,4938,4963,4986,5010,5033,5056,5079,5102,5125,5147,5169,5190,5211,5232,5251,5270,5289,5306,5324,5341,5357,5372,5388,5403,5418,5432,5445,5457,5469,5480,5490,5499,5507,5514,5519
Uruguay,858,3387,3385,3383,3380,3378,3375,3373,3370,3368,3365,3362,3358,3355,3351,3346,3342,3336,3331,3325,3318,3311,3303,3294,3285,3276,3265,3254,3243,3231,3218,3204,3190,3175,3159,3143,3126,3109,3092,3075,3057,3039,3021,3003,2985,2966,2947,2928,2908,2888,2868,2848,2828,2807,2786,2764,2743,2720,2698,2675,2652,2629,2605,2582,2558,2534,2509,2485,2461,2436,2412,2388,2363,2340,2316,2292,2269,2246
Puerto Rico,630,3242,3235,3223,3206,3187,3165,3141,3115,3089,3063,3035,3006,2978,2949,2918,2886,2854,2821,2788,2754,2720,2685,2649,2613,2577,2541,2504,2467,2431,2395,2359,2323,2287,2251,2215,2179,2144,2109,2074,2040,2006,1973,1940,1907,1875,1843,1812,1782,1751,1721,1691,1662,1632,1603,1575,1546,1518,1490,1462,1434,1406,1379,1352,1325,1298,1271,1244,1218,1192,1166,1140,1115,1090,1066,1042,1018,996
Bosnia and Herzegovina,70,3164,3140,3114,3088,3062,3038,3014,2990,2965,2938,2910,2882,2854,2828,2801,2774,2745,2715,2686,2657,2628,2600,2571,2542,2513,2484,2455,2426,2398,2369,2341,2313,2283,2254,2226,2199,2171,2144,2118,2092,2066,2040,2014,1989,1964,1940,1916,1892,1869,1847,1825,1802,1780,1759,1738,1717,1697,1678,1659,1640,1621,1603,1586,1569,1552,1536,1520,1504,1489,1473,1457,1442,1427,1411,1395,1381,1366
Qatar,634,3048,3116,3174,3221,3262,3299,3334,3367,3402,3437,3474,3511,3550,3589,3629,3670,3712,3754,3797,3841,3886,3931,3977,4023,4070,4117,4164,4213,4261,4311,4361,4411,4462,4514,4566,4619,4672,4726,4781,4837,4893,4950,5007,5065,5124,5183,5243,5303,5364,5426,5488,5550,5614,5677,5741,5806,5871,5937,6004,6071,6138,6206,6274,6343,6413,6482,6553,6624,6695,6766,6838,6910,6982,7055,7127,7200,7272
Republic of Moldova,498,3035,2996,2961,2932,2903,2874,2845,2816,2788,2759,2730,2702,2674,2647,2620,2594,2569,2545,2521,2499,2476,2455,2434,2413,2393,2372,2352,2331,2310,2289,2267,2245,2223,2201,2179,2157,2134,2112,2090,2068,2046,2025,2004,1984,1964,1944,1925,1907,1889,1872,1856,1840,1824,1809,1794,1779,1764,1750,1736,1722,1708,1695,1681,1667,1654,1640,1627,1613,1599,1585,1571,1557,1543,1529,1515,1501,1488
Namibia,516,3030,3093,3153,3213,3272,3331,3390,3449,3508,3565,3622,3679,3736,3793,3850,3907,3962,4018,4073,4130,4186,4243,4300,4355,4409,4461,4512,4565,4616,4667,4716,4765,4813,4859,4904,4949,4993,5035,5076,5116,5154,5190,5226,5263,5298,5331,5362,5392,5422,5450,5478,5507,5535,5562,5587,5611,5635,5659,5681,5701,5719,5737,5755,5773,5789,5803,5817,5831,5843,5854,5864,5872,5878,5882,5887,5893,5898
Armenia,51,2974,2952,2931,2910,2891,2871,2851,2832,2813,2794,2775,2757,2738,2720,2702,2684,2666,2648,2630,2613,2596,2579,2563,2546,2529,2512,2495,2478,2461,2445,2428,2411,2395,2378,2361,2344,2326,2309,2292,2275,2257,2239,2221,2202,2184,2165,2147,2128,2110,2091,2073,2054,2036,2018,2001,1984,1967,1950,1933,1917,1902,1887,1872,1857,1843,1830,1816,1803,1790,1778,1765,1753,1741,1729,1716,1704,1692
Lithuania,440,2859,2830,2797,2774,2751,2729,2706,2684,2663,2641,2619,2597,2576,2553,2530,2508,2485,2462,2440,2417,2394,2372,2350,2327,2304,2282,2259,2235,2212,2188,2164,2140,2115,2091,2067,2043,2019,1995,1972,1949,1927,1904,1881,1859,1837,1815,1793,1771,1750,1729,1708,1686,1665,1644,1622,1601,1580,1559,1538,1517,1496,1476,1455,1436,1416,1397,1378,1359,1341,1323,1306,1289,1272,1256,1240,1224,1209
Jamaica,388,2839,2837,2833,2829,2823,2816,2809,2801,2791,2780,2769,2756,2742,2727,2711,2694,2676,2658,2638,2618,2596,2574,2551,2528,2504,2480,2455,2430,2404,2378,2351,2323,2295,2267,2238,2209,2180,2150,2120,2090,2059,2028,1997,1966,1935,1903,1872,1840,1808,1776,1744,1713,1682,1650,1620,1589,1559,1529,1499,1471,1442,1414,1387,1360,1334,1308,1283,1259,1235,1212,1189,1168,1146,1126,1106,1086,1067
Albania,8,2792,2772,2751,2731,2712,2692,2672,2652,2632,2612,2591,2571,2550,2528,2507,2484,2462,2440,2417,2395,2373,2351,2329,2307,2285,2263,2240,2218,2196,2173,2151,2128,2106,2084,2062,2040,2018,1996,1975,1953,1931,1909,1888,1867,1845,1824,1803,1781,1760,1738,1716,1694,1673,1651,1628,1606,1584,1562,1539,1517,1494,1472,1450,1428,1407,1385,1364,1344,1324,1305,1286,1268,1250,1233,1217,1201,1185
Gambia,270,2760,2822,2884,2946,3008,3069,3130,3191,3252,3313,3373,3433,3494,3554,3614,3673,3733,3792,3851,3909,3967,4024,4081,4137,4193,4248,4302,4355,4408,4460,4511,4561,4611,4659,4707,4754,4800,4846,4890,4933,4976,5017,5057,5095,5132,5168,5203,5237,5269,5301,5331,5360,5388,5415,5440,5465,5488,5509,5530,5549,5566,5583,5599,5613,5627,5639,5650,5660,5668,5676,5683,5688,5693,5696,5699,5702,5703
Gabon,266,2539,2593,2647,2702,2756,2811,2867,2923,2979,3036,3093,3151,3211,3270,3331,3391,3453,3515,3578,3641,3704,3767,3831,3895,3958,4021,4085,4148,4211,4273,4336,4398,4461,4522,4584,4645,4706,4767,4827,4887,4948,5008,5068,5129,5189,5248,5308,5368,5428,5487,5547,5605,5664,5723,5781,5839,5897,5954,6011,6066,6122,6176,6229,6282,6335,6387,6437,6487,6536,6585,6632,6680,6726,6772,6816,6860,6903
Botswana,72,2521,2562,2603,2645,2686,2726,2766,2805,2843,2881,2918,2954,2990,3025,3060,3093,3127,3159,3191,3223,3254,3285,3317,3349,3379,3409,3437,3465,3493,3520,3545,3570,3594,3618,3641,3663,3683,3703,3721,3737,3753,3767,3781,3793,3805,3815,3823,3831,3838,3845,3850,3856,3862,3867,3871,3875,3877,3879,3880,3882,3883,3884,3885,3885,3885,3885,3883,3880,3876,3872,3868,3863,3859,3854,3848,3842,3837
Lesotho,426,2337,2363,2389,2415,2441,2468,2494,2520,2546,2573,2600,2627,2653,2680,2706,2732,2758,2783,2809,2833,2858,2881,2905,2928,2950,2972,2993,3014,3033,3052,3070,3087,3104,3120,3135,3150,3164,3178,3191,3203,3214,3224,3234,3243,3253,3261,3269,3277,3283,3288,3293,3298,3301,3305,3307,3310,3311,3312,3313,3313,3313,3312,3312,3311,3309,3307,3305,3303,3299,3295,3292,3287,3282,3277,3271,3266,3259
Guinea-Bissau,624,2201,2250,2298,2346,2394,2442,2489,2537,2586,2635,2683,2730,2778,2826,2874,2922,2970,3017,3063,3110,3157,3204,3251,3299,3346,3393,3439,3483,3527,3568,3610,3651,3690,3729,3768,3807,3844,3881,3917,3953,3988,4022,4055,4085,4116,4146,4175,4203,4231,4258,4285,4311,4336,4360,4382,4404,4424,4442,4458,4474,4490,4506,4521,4536,4549,4561,4573,4584,4596,4607,4619,4628,4637,4645,4652,4659,4665
Slovenia,705,2119,2117,2115,2112,2108,2104,2099,2094,2089,2084,2079,2074,2068,2063,2057,2052,2047,2041,2035,2029,2023,2016,2010,2003,1996,1989,1982,1974,1965,1957,1948,1939,1929,1920,1910,1901,1891,1881,1871,1861,1851,1842,1832,1823,1814,1805,1796,1788,1780,1772,1764,1756,1749,1743,1736,1730,1724,1718,1712,1707,1702,1697,1692,1688,1683,1679,1674,1670,1666,1662,1657,1653,1649,1645,1640,1636,1632
Equatorial Guinea,226,1893,1938,1984,2031,2077,2124,2170,2218,2267,2316,2365,2414,2464,2514,2565,2615,2666,2715,2765,2814,2863,2911,2959,3006,3051,3098,3144,3190,3237,3284,3332,3379,3426,3472,3519,3566,3611,3655,3698,3741,3784,3828,3871,3912,3953,3994,4036,4078,4118,4159,4199,4240,4281,4321,4359,4396,4433,4468,4502,4535,4569,4601,4632,4662,4692,4723,4752,4778,4805,4832,4860,4886,4911,4935,4958,4981,5003
Latvia,428,1872,1854,1836,1822,1807,1792,1778,1763,1748,1734,1720,1706,1693,1680,1667,1654,1641,1628,1615,1603,1590,1577,1565,1552,1539,1527,1514,1501,1488,1474,1460,1446,1432,1418,1404,1390,1376,1362,1348,1334,1320,1307,1293,1280,1267,1254,1241,1229,1217,1205,1193,1181,1169,1157,1146,1134,1123,1112,1101,1090,1079,1069,1059,1049,1039,1030,1020,1011,1001,992,982,973,963,954,944,935,925
North Macedonia,807,1823,1814,1804,1794,1784,1774,1762,1751,1740,1728,1716,1704,1692,1679,1667,1655,1642,1629,1616,1603,1590,1577,1564,1551,1539,1526,1513,1499,1486,1472,1458,1443,1429,1415,1400,1386,1372,1357,1342,1328,1313,1299,1285,1270,1256,1241,1227,1213,1199,1186,1172,1158,1145,1132,1119,1106,1094,1081,1069,1057,1045,1033,1021,1009,997,986,974,963,951,940,929,918,907,896,885,874,863
Kosovo (under UNSC res. 1244),412,1685,1674,1667,1663,1662,1661,1661,1662,1664,1665,1667,1669,1670,1672,1673,1674,1674,1674,1673,1671,1669,1667,1663,1659,1654,1649,1644,1637,1631,1624,1616,1609,1600,1592,1583,1575,1566,1558,1549,1540,1530,1521,1511,1502,1492,1482,1472,1461,1451,1439,1428,1416,1405,1393,1381,1368,1356,1343,1331,1318,1305,1292,1279,1266,1252,1239,1226,1212,1199,1186,1173,1159,1146,1133,1120,1107,1095
Bahrain,48,1607,1643,1676,1703,1727,1747,1765,1783,1801,1820,1838,1857,1875,1894,1913,1932,1951,1970,1989,2009,2028,2046,2065,2084,2103,2121,2139,2158,2176,2195,2213,2231,2250,2268,2286,2305,2323,2342,2361,2380,2399,2418,2437,2456,2475,2494,2513,2532,2551,2570,2589,2608,2627,2646,2665,2684,2703,2722,2741,2760,2779,2798,2817,2837,2856,2875,2894,2914,2933,2953,2972,2992,3011,3031,3051,3071,3090
Trinidad and Tobago,780,1508,1511,1513,1514,1514,1514,1512,1510,1508,1505,1502,1498,1494,1489,1484,1479,1473,1467,1461,1454,1447,1440,1432,1424,1416,1408,1400,1391,1382,1373,1364,1355,1345,1335,1325,1315,1305,1294,1283,1273,1261,1250,1239,1227,1216,1204,1192,1181,1169,1158,1146,1135,1123,1112,1101,1091,1080,1070,1060,1050,1040,1030,1021,1011,1002,993,984,975,966,958,949,940,932,923,915,907,898
Timor-Leste,626,1401,1419,1437,1456,1477,1498,1520,1541,1560,1578,1597,1619,1640,1659,1679,1699,1718,1736,1756,1776,1794,1810,1826,1842,1858,1874,1889,1903,1915,1929,1941,1952,1965,1978,1990,2001,2010,2016,2023,2030,2039,2046,2054,2061,2068,2074,2078,2083,2088,2091,2092,2092,2092,2092,2090,2090,2089,2085,2082,2078,2073,2067,2063,2058,2051,2044,2037,2030,2024,2019,2013,2005,1997,1990,1984,1978,1973
Estonia,233,1361,1344,1331,1324,1317,1310,1303,1296,1289,1282,1275,1268,1262,1255,1249,1243,1237,1231,1225,1219,1212,1206,1200,1194,1187,1181,1174,1167,1161,1154,1146,1139,1132,1124,1116,1108,1100,1092,1084,1076,1068,1060,1052,1044,1036,1028,1020,1012,1004,996,989,981,974,967,959,952,945,938,931,924,918,911,905,898,892,887,881,875,870,864,859,853,848,842,837,831,826
Cyprus,196,1358,1371,1382,1393,1404,1413,1422,1431,1439,1446,1453,1459,1465,1471,1476,1481,1485,1489,1492,1495,1498,1500,1502,1504,1506,1507,1508,1509,1510,1510,1509,1509,1509,1508,1507,1505,1504,1502,1499,1496,1492,1488,1484,1479,1473,1467,1461,1455,1448,1440,1433,1425,1417,1410,1402,1394,1386,1378,1371,1364,1357,1350,1343,1337,1331,1325,1320,1315,1310,1306,1301,1297,1293,1288,1284,1280,1275
Mauritius,480,1271,1268,1265,1262,1258,1254,1250,1246,1242,1237,1232,1227,1221,1215,1209,1202,1195,1188,1180,1172,1163,1155,1146,1136,1127,1117,1107,1097,1087,1077,1067,1056,1046,1035,1025,1015,1004,993,983,972,961,950,939,928,917,907,895,884,873,862,851,840,828,817,806,795,783,772,761,750,739,728,717,706,695,685,674,664,654,645,635,626,616,607,599,590,582
Eswatini,748,1243,1256,1270,1283,1296,1308,1321,1333,1345,1357,1368,1379,1390,1400,1411,1420,1430,1439,1448,1456,1464,1472,1480,1486,1493,1499,1505,1511,1516,1520,1524,1528,1531,1533,1536,1538,1540,1540,1541,1541,1541,1540,1539,1538,1536,1534,1531,1529,1526,1522,1518,1514,1509,1504,1500,1495,1490,1484,1479,1472,1465,1458,1451,1444,1437,1430,1422,1415,1407,1399,1391,1383,1375,1367,1359,1350,1341
Djibouti,262,1169,1184,1199,1215,1231,1247,1263,1278,1293,1308,1322,1335,1349,1363,1378,1392,1407,1422,1436,1450,1462,1474,1486,1498,1509,1520,1531,1541,1551,1563,1575,1586,1596,1609,1621,1632,1642,1651,1660,1668,1675,1683,1692,1701,1709,1716,1722,1728,1734,1739,1746,1752,1758,1764,1768,1773,1777,1780,1784,1788,1792,1797,1802,1805,1810,1814,1817,1819,1821,1825,1828,1830,1832,1835,1838,1840,1842
Fiji,242,929,933,937,941,945,949,953,957,960,963,967,970,973,976,979,981,984,986,989,991,993,994,996,997,999,1000,1000,1001,1001,1002,1002,1002,1001,1001,1000,1000,999,998,997,996,994,993,991,990,988,986,983,981,978,976,973,970,968,965,962,959,956,953,950,946,943,939,935,932,928,924,921,917,913,909,905,901,897,893,888,884,879
Réunion,638,879,882,886,890,894,898,901,904,908,911,914,917,920,922,925,927,929,932,934,936,937,939,940,941,941,942,941,941,940,939,938,937,935,933,932,930,928,926,924,922,920,918,916,914,912,911,909,907,906,904,903,902,900,899,898,896,895,894,892,891,889,887,886,884,882,880,878,876,874,871,869,866,864,861,858,855,852
Comoros,174,867,883,899,915,931,948,964,981,997,1014,1031,1048,1065,1082,1099,1116,1134,1151,1169,1186,1204,1221,1238,1256,1273,1290,1308,1325,1342,1359,1375,1392,1408,1424,1440,1455,1471,1486,1501,1516,1531,1546,1560,1575,1589,1603,1617,1630,1644,1657,1670,1682,1695,1707,1719,1731,1743,1754,1765,1775,1786,1796,1806,1815,1824,1833,1842,1850,1858,1866,1873,1880,1887,1893,1900,1905,1911
Guyana,328,831,836,841,846,851,856,861,866,871,876,881,886,890,895,899,903,908,912,916,920,923,926,929,932,935,938,941,943,945,947,949,950,952,953,954,955,957,958,959,959,960,960,960,960,960,960,959,958,957,956,955,954,953,951,950,948,946,944,942,940,938,935,932,930,927,924,921,918,916,913,909,906,903,900,896,893,889
Solomon Islands,90,819,839,858,878,898,918,938,959,979,999,1020,1040,1060,1079,1098,1117,1135,1153,1171,1189,1207,1224,1241,1259,1276,1292,1309,1326,1342,1358,1374,1390,1405,1421,1436,1451,1466,1481,1495,1510,1524,1538,1551,1565,1578,1591,1604,1616,1629,1641,1652,1663,1674,1685,1696,1706,1716,1725,1734,1743,1752,1760,1768,1776,1783,1790,1797,1804,1810,1816,1822,1827,1832,1837,1841,1845,1849
Bhutan,64,792,797,802,807,812,816,821,825,830,835,839,843,848,852,856,859,862,865,868,871,874,876,878,879,880,881,882,883,884,884,883,883,883,882,881,880,878,876,874,872,870,867,864,860,857,853,849,845,841,836,831,826,821,816,811,806,800,794,788,783,777,771,766,760,754,748,742,736,730,725,720,714,709,705,700,695,690
"China, Macao SAR",446,720,722,723,724,724,725,727,727,727,726,726,724,721,718,714,710,707,703,699,695,692,689,685,681,676,673,669,664,659,653,647,641,636,631,626,620,614,609,603,596,589,583,577,569,561,553,544,537,529,521,513,504,496,487,479,471,464,455,447,439,430,422,415,407,400,392,386,380,374,368,362,356,351,346,341,336,331
Luxembourg,442,673,680,687,694,701,708,714,719,725,731,736,741,745,750,754,759,763,766,770,773,777,780,782,785,787,790,791,793,795,796,797,799,799,800,800,801,801,801,801,801,800,800,800,799,798,797,796,795,794,793,791,790,788,787,786,784,782,781,779,777,775,773,772,770,768,766,764,763,761,760,758,757,755,753,752,750,748
Montenegro,499,638,633,626,623,619,616,613,609,605,602,598,594,590,586,582,578,574,570,566,562,558,554,550,546,542,538,533,529,525,520,516,512,507,503,498,494,489,485,480,476,471,467,462,458,453,449,444,440,436,431,427,423,419,415,410,406,402,398,394,390,386,382,379,375,371,367,363,360,356,352,348,345,341,337,333,330,326
Suriname,740,634,640,645,651,656,661,666,670,675,680,684,688,692,696,700,704,707,711,714,717,720,723,725,728,730,732,734,736,737,739,740,742,743,745,746,747,748,748,749,750,751,751,752,752,753,753,753,753,753,753,752,752,752,751,750,750,749,748,747,745,744,742,741,739,737,735,733,730,728,726,723,721,719,716,714,711,709
Western Sahara,732,591,601,611,620,630,639,647,656,665,673,681,688,696,703,710,716,723,729,736,742,748,753,759,764,768,773,777,782,786,790,794,797,800,803,806,808,810,812,814,816,817,819,820,822,823,823,824,825,826,826,827,828,829,830,831,832,833,833,834,835,835,835,836,836,837,837,837,836,836,836,835,835,834,834,833,832,831
Malta,470,540,545,549,551,553,554,555,556,557,557,557,557,556,555,554,553,552,550,549,548,546,545,543,541,539,538,536,534,531,529,527,525,523,521,518,516,513,511,508,505,502,499,495,492,488,484,481,477,473,469,464,460,456,451,446,442,437,433,428,423,419,414,410,406,402,398,394,390,386,382,379,375,372,369,366,363,360
Maldives,462,528,530,532,533,535,538,540,542,544,547,549,552,554,557,559,562,565,568,570,573,576,578,581,583,586,588,590,592,593,594,595,596,597,597,597,596,596,595,594,592,590,588,586,584,581,578,575,572,568,565,561,557,553,549,544,540,535,531,527,522,518,514,510,506,502,499,496,493,490,487,485,483,481,479,478,476,475
Cabo Verde,132,525,527,530,532,534,536,539,541,543,545,547,549,550,552,554,556,557,559,560,561,562,563,564,565,566,566,566,566,566,566,565,565,564,563,562,560,558,557,555,553,550,548,546,543,540,537,534,532,529,525,522,519,516,512,509,505,501,497,493,489,485,481,477,473,468,464,460,455,451,447,442,438,434,430,425,421,417
Brunei Darussalam,96,463,466,470,473,476,479,482,485,488,490,493,495,498,500,502,504,506,508,510,511,513,514,515,517,518,519,520,520,521,521,521,521,521,521,521,521,520,520,519,519,518,517,516,515,513,512,511,510,508,507,505,503,502,500,499,497,496,494,492,491,489,487,486,484,483,481,480,478,477,475,474,472,471,469,468,466,465
Belize,84,417,423,429,434,440,445,450,455,460,464,469,473,477,481,485,488,492,495,498,501,503,506,508,510,513,515,517,518,520,521,523,524,525,526,527,527,528,528,528,528,528,528,527,527,526,525,524,523,522,520,518,517,515,513,511,508,506,503,501,498,496,493,490,487,484,481,478,475,472,469,466,463,460,457,454,451,447
Bahamas,44,401,403,405,406,408,409,410,412,413,414,415,416,417,418,419,420,420,421,422,422,423,423,424,424,424,424,424,424,424,424,424,423,423,423,422,422,421,421,420,420,419,419,418,417,416,416,415,414,413,412,411,411,410,409,408,407,406,405,404,403,402,401,400,398,397,396,395,394,393,392,391,390,389,388,387,386,385
Iceland,352,393,398,402,406,409,412,414,417,419,420,422,424,425,426,427,429,429,430,431,432,432,432,433,433,433,433,433,433,433,433,432,432,432,431,431,430,429,429,428,427,426,425,424,423,422,421,419,418,417,415,414,412,411,409,407,405,403,401,399,397,395,393,390,388,386,384,382,380,378,376,374,372,370,368,366,364,363
Guadeloupe,312,375,374,372,371,370,368,366,365,363,361,360,358,356,355,353,351,349,347,345,343,341,338,336,334,331,329,326,324,321,319,316,313,311,308,306,303,301,299,296,294,292,290,288,286,284,283,281,279,278,277,275,274,273,272,270,269,268,267,266,265,264,263,261,260,259,258,257,256,255,253,252,251,250,248,247,246,244
Martinique,474,343,340,338,335,333,330,328,325,323,321,319,316,314,312,310,308,306,304,302,299,297,295,292,290,287,285,282,279,277,274,271,269,266,263,261,258,256,253,251,249,247,245,243,241,239,238,236,235,233,232,231,230,229,228,227,226,226,225,224,223,223,222,221,220,220,219,218,217,217,216,215,214,213,212,212,211,210
Vanuatu,548,328,335,343,350,357,365,372,380,388,395,403,411,419,427,435,443,452,460,468,476,485,493,501,510,518,526,534,543,551,559,567,575,583,591,599,607,615,623,630,638,646,654,662,669,677,685,692,700,707,714,722,729,736,743,750,756,763,770,776,783,789,795,801,807,813,819,825,830,836,841,846,852,857,862,866,871,875
Mayotte,175,327,337,348,358,369,380,391,402,413,424,436,447,459,471,483,495,508,521,534,548,561,575,589,603,617,631,645,659,674,688,702,717,732,746,761,775,790,804,819,833,848,863,878,893,908,924,939,955,970,986,1001,1016,1032,1047,1062,1077,1092,1107,1122,1137,1152,1167,1181,1196,1211,1225,1239,1253,1267,1281,1295,1309,1323,1336,1349,1362,1376
French Guiana,254,309,314,319,324,330,336,342,348,354,361,367,374,380,387,393,400,406,413,419,426,432,439,446,452,459,465,472,478,485,491,498,505,511,518,524,531,537,544,551,557,564,570,577,583,590,596,603,609,616,622,628,635,641,647,654,660,666,672,678,684,690,696,702,708,714,720,725,731,736,741,746,751,756,761,766,771,775
New Caledonia,540,293,295,298,300,303,305,308,310,312,314,316,318,320,322,324,326,328,329,331,332,334,335,336,338,339,340,341,341,342,343,344,344,345,345,346,346,346,347,347,347,347,348,348,348,348,348,347,347,347,347,347,347,347,347,347,346,346,346,346,346,345,345,345,344,344,343,343,342,342,341,341,340,340,339,338,338,337
Barbados,52,282,283,283,283,283,283,282,282,282,281,281,280,280,279,278,277,276,275,274,273,272,271,270,268,267,266,264,263,262,260,259,258,256,255,254,252,251,250,248,247,245,244,243,241,240,239,237,236,235,233,232,230,229,228,226,225,223,222,221,219,218,216,215,213,212,210,209,208,206,205,203,202,200,199,197,196,195
French Polynesia,258,282,282,283,284,284,285,286,286,287,287,288,288,288,289,289,289,289,289,289,289,288,288,288,287,286,286,285,284,283,281,280,279,277,275,274,272,270,269,267,265,263,261,259,257,255,253,251,249,247,245,243,241,239,237,234,232,230,228,226,224,221,219,217,215,213,210,208,206,204,202,200,197,195,193,191,189,187
Sao Tome and Principe,678,236,240,245,250,255,260,265,270,275,280,285,290,295,300,306,311,316,321,326,331,336,341,346,351,356,360,365,370,375,379,384,389,393,398,402,407,411,416,420,425,429,433,438,442,446,450,454,458,462,465,469,472,476,479,483,486,489,492,495,498,501,504,506,509,511,514,516,518,520,522,524,526,528,530,531,533,534
Samoa,882,218,219,221,222,223,225,226,228,229,231,233,235,237,240,242,245,247,250,252,255,258,260,263,265,268,270,273,275,277,280,282,284,286,289,291,293,296,298,301,303,306,308,311,314,317,319,322,325,328,330,333,336,338,341,343,346,348,350,353,355,357,359,361,363,365,367,368,370,372,374,375,377,378,380,381,382,384
Curaçao,531,185,185,185,185,185,185,185,185,184,184,183,183,183,182,182,181,180,180,179,179,178,177,177,176,175,174,173,173,172,171,170,169,168,167,166,165,165,164,163,162,161,160,159,158,157,156,155,154,153,152,151,150,149,148,147,146,144,143,142,141,140,138,137,136,134,133,132,131,130,128,127,126,125,124,123,122,120
Saint Lucia,662,180,180,180,181,181,181,181,181,181,181,181,181,181,181,180,180,179,179,178,178,177,176,176,175,174,173,172,171,170,169,168,167,166,165,164,163,162,160,159,158,157,155,154,153,151,150,148,147,146,144,143,141,140,138,137,135,134,132,131,129,128,126,125,124,122,121,120,118,117,116,115,114,113,111,110,109,108
Guam,316,168,169,170,171,172,174,175,176,177,178,179,179,180,181,182,183,184,184,185,186,187,188,188,189,190,191,191,192,193,194,194,195,195,196,196,197,197,198,198,198,199,199,200,200,201,201,201,202,202,202,203,203,204,204,204,205,205,206,206,206,206,206,207,207,207,207,207,207,207,207,207,207,206,206,206,206,206
Kiribati,296,135,136,138,140,142,144,146,148,150,152,154,155,157,159,161,163,165,167,168,170,172,174,176,177,179,181,183,184,186,187,189,190,192,193,195,196,198,199,200,201,202,203,204,206,207,208,208,209,210,211,212,213,213,214,215,215,216,217,217,218,218,219,219,220,220,221,221,222,222,222,222,222,223,223,223,223,223
Seychelles,690,130,133,135,137,139,140,140,141,141,141,142,142,142,142,142,142,143,143,143,143,143,143,142,142,142,142,142,142,141,141,141,140,140,140,139,139,138,138,137,137,136,136,135,134,134,133,133,132,131,131,130,129,129,128,127,127,126,125,125,124,124,123,122,122,121,121,120,120,119,119,119,118,118,117,117,116,116
Grenada,308,117,117,117,117,117,117,117,117,117,117,117,117,117,117,117,117,116,116,116,116,115,115,115,114,114,114,113,113,112,112,111,111,110,110,109,109,108,107,107,106,105,105,104,103,102,102,101,100,99,98,97,96,95,94,93,93,92,91,90,89,88,87,86,85,84,83,82,81,80,80,79,78,77,76,75,75,74
Micronesia (Fed. States of),583,113,114,114,115,115,116,116,117,117,118,119,119,120,120,121,121,122,122,123,123,124,124,125,125,125,126,126,127,127,128,128,129,129,129,130,130,130,131,131,131,132,132,132,132,133,133,133,133,133,133,133,133,133,133,133,133,133,133,133,132,132,132,132,132,131,131,131,131,130,130,130,130,129,129,129,128,128
Aruba,533,108,108,108,108,108,108,108,108,107,107,107,107,106,106,106,105,105,104,104,104,103,103,102,102,101,101,100,99,99,98,98,97,96,96,95,95,94,94,93,93,92,92,91,91,90,90,89,89,88,88,88,87,87,86,86,85,85,85,84,84,83,83,82,82,81,81,80,80,79,79,78,78,77,77,76,76,75
Tonga,776,104,104,103,103,103,102,102,102,102,102,102,102,102,102,102,102,103,103,103,103,104,104,104,105,105,105,105,105,106,106,106,106,106,107,107,107,107,108,108,108,109,109,109,110,110,111,111,111,112,112,113,113,113,114,114,115,115,115,115,116,116,116,116,117,117,117,117,117,117,118,118,118,118,118,118,118,118
Jersey,832,104,104,104,104,104,104,105,105,105,105,105,105,105,105,105,105,105,105,105,105,105,105,105,105,105,105,105,105,104,104,104,104,104,103,103,103,103,102,102,102,102,102,102,101,101,101,101,101,101,101,101,100,100,100,100,100,100,100,100,100,100,100,100,100,100,100,100,100,100,100,100,100,100,100,100,100,100
Saint Vincent and the Grenadines,670,101,100,99,99,98,97,97,96,96,95,95,94,94,94,93,93,93,92,92,92,91,91,91,90,90,89,89,88,88,88,87,87,86,86,85,85,84,84,83,82,82,81,81,80,80,79,79,78,78,77,77,77,76,76,75,75,74,74,73,73,72,72,71,71,70,70,69,69,68,68,67,67,66,66,65,65,64
Antigua and Barbuda,28,94,94,95,95,95,96,96,96,96,97,97,97,97,97,97,97,97,97,97,97,97,96,96,96,96,95,95,95,94,94,94,93,93,92,92,91,91,91,90,90,89,89,88,88,87,86,86,85,85,84,84,83,82,82,81,81,80,79,79,78,77,77,76,76,75,74,74,73,73,72,71,71,70,70,69,69,68
United States Virgin Islands,850,85,84,83,83,82,81,81,80,80,79,79,78,78,77,77,76,76,75,75,74,74,73,73,72,72,72,71,71,70,70,70,69,69,69,69,68,68,68,67,67,67,67,67,67,66,66,66,66,66,66,65,65,65,65,65,65,65,65,65,64,64,64,64,64,64,64,64,63,63,63,63,63,63,63,62,62,62
Isle of Man,833,84,84,84,84,84,84,84,83,83,83,83,83,82,82,82,82,81,81,81,81,80,80,80,79,79,78,78,78,77,77,76,76,75,75,74,74,74,73,73,72,72,71,71,70,70,70,69,69,68,68,68,67,67,66,66,66,65,65,65,64,64,64,63,63,63,62,62,61,61,61,60,60,60,59,59,58,58
Andorra,20,82,83,84,84,85,85,86,86,86,86,86,86,86,86,86,86,86,85,85,85,85,84,84,84,83,83,82,82,81,80,80,79,78,78,77,76,75,74,74,73,72,71,70,70,69,68,67,66,66,65,64,64,63,62,62,61,60,59,59,58,57,57,56,55,55,54,53,53,52,51,51,50,50,49,48,48,47
Cayman Islands,136,74,76,77,79,80,81,82,84,85,86,87,88,90,91,92,93,94,95,96,97,98,99,100,101,102,103,104,105,106,106,107,108,109,109,110,110,111,111,112,112,112,113,113,113,114,114,114,114,115,115,115,115,116,116,116,116,116,116,116,117,117,117,117,117,117,117,117,118,118,118,118,118,118,118,118,118,118
Dominica,212,66,66,66,65,65,64,64,64,64,64,64,64,64,64,64,64,64,64,64,64,64,64,64,64,63,63,63,63,63,63,63,62,62,62,62,62,61,61,61,61,61,60,60,60,60,59,59,59,58,58,58,57,57,57,56,56,56,56,55,55,55,54,54,54,53,53,53,52,52,52,51,51,51,50,50,49,49
Bermuda,60,65,65,64,64,64,64,64,64,63,63,63,63,63,62,62,62,61,61,60,60,60,59,59,58,58,57,57,56,56,55,55,54,54,53,53,52,52,51,51,50,50,49,49,48,48,47,47,46,46,45,45,45,44,44,43,43,43,42,42,41,41,41,40,40,40,39,39,39,38,38,38,37,37,37,36,36,36
Guernsey,831,64,64,65,65,65,65,65,65,65,65,65,65,65,65,65,64,64,64,64,64,64,64,64,63,63,63,63,63,62,62,62,62,61,61,61,61,60,60,60,60,60,59,59,59,59,58,58,58,58,58,57,57,57,57,57,57,56,56,56,56,56,55,55,55,55,55,55,54,54,54,54,54,54,53,53,53,53
Greenland,304,56,56,56,55,55,55,55,55,55,54,54,54,54,53,53,53,53,52,52,52,52,51,51,51,50,50,50,50,49,49,49,49,48,48,48,48,47,47,47,47,46,46,46,45,45,45,45,44,44,44,43,43,43,43,42,42,42,42,41,41,41,41,40,40,40,40,39,39,39,39,39,38,38,38,38,37,37
Faroe Islands,234,55,56,57,57,57,58,58,59,59,59,60,60,60,60,61,61,61,61,61,62,62,62,62,63,63,63,63,63,63,63,64,64,64,64,64,64,64,64,64,64,64,64,65,65,65,65,65,65,65,65,65,65,65,65,65,65,65,65,65,65,65,65,65,65,65,65,64,64,64,64,64,64,64,64,64,63,63
Saint Kitts and Nevis,659,47,47,47,47,47,47,47,47,47,47,47,47,47,47,47,46,46,46,46,46,46,45,45,45,45,44,44,44,44,43,43,43,43,42,42,42,42,41,41,41,40,40,40,40,39,39,39,38,38,38,37,37,37,37,36,36,36,35,35,35,34,34,34,34,33,33,33,32,32,32,32,31,31,31,31,30,30
American Samoa,16,47,46,45,45,44,43,43,42,42,42,41,41,41,40,40,40,39,39,39,39,39,38,38,38,38,38,38,37,37,37,37,37,36,36,36,36,36,36,35,35,35,35,35,35,35,34,34,34,34,34,34,34,34,34,34,34,34,34,34,34,34,34,34,34,34,34,34,33,33,33,33,33,33,33,33,32,32
Turks and Caicos Islands,796,47,47,47,47,48,48,48,49,49,49,49,49,50,50,50,50,50,51,51,51,51,51,51,51,51,51,51,51,51,51,51,51,50,50,50,50,50,49,49,49,49,48,48,48,47,47,47,47,46,46,46,45,45,45,45,44,44,44,43,43,43,43,42,42,42,41,41,41,41,40,40,40,40,39,39,39,39
Northern Mariana Islands,580,44,44,43,42,42,42,42,42,42,42,42,42,42,42,42,42,42,42,42,42,43,43,43,43,43,43,43,43,43,43,43,43,42,42,42,42,42,42,42,41,41,41,41,41,41,41,41,41,41,41,41,41,41,42,42,42,42,42,42,42,42,42,42,42,42,42,42,42,42,42,42,42,42,42,42,42,42
Sint Maarten (Dutch part),534,43,44,44,45,45,46,46,47,47,48,48,48,49,49,49,49,50,50,50,50,50,51,51,51,51,51,51,51,51,51,51,51,51,51,51,50,50,50,50,50,50,50,50,50,49,49,49,49,49,49,49,48,48,48,48,48,47,47,47,47,47,46,46,46,46,45,45,45,45,44,44,44,44,43,43,43,42
Liechtenstein,438,40,40,40,41,41,41,41,41,42,42,42,42,42,42,42,42,43,43,43,43,43,43,43,43,43,43,43,43,43,43,43,43,43,43,43,43,43,43,43,43,43,43,43,43,43,43,43,43,43,43,43,43,43,43,43,43,43,43,43,43,43,43,43,43,43,43,43,44,44,44,44,44,44,44,44,44,44
British Virgin Islands,92,39,40,40,40,40,40,41,41,41,41,41,41,41,41,41,41,41,41,41,41,41,41,41,41,41,41,40,40,40,40,40,40,39,39,39,39,38,38,38,37,37,37,37,36,36,36,35,35,35,34,34,34,34,33,33,33,32,32,32,32,31,31,31,31,30,30,30,30,30,29,29,29,29,29,28,28,28
Gibraltar,292,39,40,41,42,42,43,43,44,45,45,46,46,46,47,47,48,48,48,48,49,49,49,49,49,50,50,50,50,50,50,50,50,51,51,51,51,51,51,51,51,51,51,51,51,51,51,51,51,51,51,51,51,51,51,51,51,51,51,51,51,51,51,50,50,50,50,50,50,50,50,50,50,50,50,49,49,49
Monaco,492,39,38,38,38,38,38,37,37,37,37,37,37,37,37,37,37,37,37,37,37,37,37,37,37,37,37,37,37,37,37,37,37,37,37,38,38,38,38,38,38,38,39,39,39,39,39,40,40,40,40,40,41,41,41,41,42,42,42,42,43,43,43,44,44,44,44,45,45,45,45,46,46,46,47,47,47,47
Marshall Islands,584,38,36,35,34,33,32,31,30,30,29,29,28,28,27,27,27,27,26,26,26,26,26,26,26,25,25,25,25,25,25,25,25,25,24,24,24,24,24,24,24,24,24,24,24,24,24,24,24,24,24,24,25,25,25,25,25,25,25,25,25,25,25,25,25,25,25,25,25,24,24,24,24,24,24,24,24,24
San Marino,674,34,34,34,34,34,34,34,34,34,34,34,34,34,34,34,34,34,34,34,34,34,34,34,34,34,34,34,34,34,33,33,33,33,33,33,33,33,32,32,32,32,32,32,32,32,31,31,31,31,31,31,31,31,31,31,31,31,31,31,31,31,31,31,31,31,31,31,31,31,31,31,31,31,31,31,31,31
"Bonaire, Sint Eustatius and Saba",535,31,31,32,32,33,33,34,34,34,34,34,34,35,35,35,35,35,35,35,35,35,35,35,35,35,35,35,35,35,35,34,34,34,34,34,34,34,34,34,34,34,33,33,33,33,33,33,33,33,33,32,32,32,32,32,32,31,31,31,31,31,30,30,30,30,30,30,29,29,29,29,29,29,28,28,28,28
Saint Martin (French part),663,26,25,24,23,22,22,21,21,20,20,20,19,19,19,19,19,19,19,19,19,19,19,19,19,19,19,19,19,19,19,19,19,19,19,19,19,18,18,18,18,18,18,18,18,18,18,18,18,18,18,18,18,18,18,18,19,19,19,19,19,19,19,19,19,19,20,20,20,20,20,20,20,20,20,20,20,20
Palau,585,18,18,18,18,18,17,17,17,17,17,17,17,17,17,17,17,17,17,16,16,16,16,16,16,16,16,16,15,15,15,15,15,15,15,15,14,14,14,14,14,14,14,14,14,13,13,13,13,13,13,13,13,13,13,13,13,13,12,12,12,12,12,12,12,12,12,12,12,12,12,12,11,11,11,11,11,11
Anguilla,660,15,15,15,15,15,15,15,15,15,15,15,15,15,15,15,15,15,15,15,15,15,15,15,15,15,15,15,14,14,14,14,14,14,14,14,14,14,14,13,13,13,13,13,13,13,13,13,12,12,12,12,12,12,12,12,12,11,11,11,11,11,11,11,11,11,11,10,10,10,10,10,10,10,10,10,9,9
Cook Islands,184,14,13,13,12,12,12,11,11,11,11,11,11,10,10,10,10,10,10,10,10,10,10,10,10,9,9,9,9,9,9,9,9,9,9,9,9,9,9,9,8,8,8,8,8,8,8,8,8,8,8,8,8,8,8,8,8,8,8,8,8,8,8,8,8,8,8,8,8,8,8,8,8,8,8,8,8,8
Nauru,520,12,12,12,12,12,12,13,13,13,13,13,13,13,14,14,14,14,14,14,15,15,15,15,15,15,16,16,16,16,16,16,16,17,17,17,17,17,17,17,18,18,18,18,18,18,18,18,19,19,19,19,19,19,19,19,19,20,20,20,20,20,20,20,20,20,20,20,20,20,20,20,20,21,21,21,21,21
Wallis and Futuna Islands,876,11,11,11,11,11,11,11,11,11,11,11,11,11,11,11,11,11,11,10,10,10,10,10,10,10,10,10,10,10,10,10,10,10,10,10,10,9,9,9,9,9,9,9,9,9,9,9,9,9,9,8,8,8,8,8,8,8,8,8,8,8,8,8,8,8,8,8,8,7,7,7,7,7,7,7,7,7
Saint Barthélemy,652,11,11,12,12,12,12,12,12,12,12,12,12,12,12,13,13,13,13,13,13,13,13,13,13,13,13,13,13,13,13,13,13,13,13,12,12,12,12,12,12,12,12,12,12,12,12,12,12,12,12,12,12,11,11,11,11,11,11,11,11,11,11,11,11,10,10,10,10,10,10,10,10,10,10,9,9,9
Tuvalu,798,10,9,9,9,9,9,9,9,9,9,9,9,9,9,9,9,9,9,9,9,9,9,10,10,10,10,10,10,10,10,10,10,10,10,10,10,10,10,11,11,11,11,11,11,11,11,11,11,11,11,11,11,11,12,12,12,12,12,12,12,12,12,12,12,12,12,12,12,12,12,12,12,12,12,12,12,12
Saint Pierre and Miquelon,666,6,6,6,5,5,5,5,5,5,5,5,5,5,5,5,5,5,5,5,5,5,5,4,4,4,4,4,4,4,4,4,4,4,4,4,4,4,4,3,3,3,3,3,3,3,3,3,3,3,3,3,3,3,3,3,3,3,3,3,3,3,3,2,2,2,2,2,2,2,2,2,2,2,2,2,2,2
Saint Helena,654,5,5,5,5,5,5,5,5,5,5,5,5,5,5,5,4,4,4,4,4,4,4,4,4,4,4,4,4,4,4,4,4,4,4,4,4,4,4,3,3,3,3,3,3,3,3,3,3,3,3,3,3,3,3,3,3,3,3,3,3,3,3,3,3,3,3,3,3,3,3,3,3,3,3,3,3,3
Montserrat,500,4,4,4,4,4,4,4,4,4,4,4,4,4,4,4,4,4,4,4,4,4,4,4,4,4,4,4,4,4,4,4,4,4,4,4,3,3,3,3,3,3,3,3,3,3,3,3,3,3,3,3,3,3,3,3,3,3,3,3,3,3,3,3,3,3,3,3,3,3,3,3,3,3,3,3,3,3
Falkland Islands (Malvinas),238,3,3,3,3,3,3,3,3,3,3,3,3,3,3,3,3,3,3,3,3,3,3,3,3,3,3,3,3,3,3,3,3,3,3,3,3,3,3,3,3,3,3,3,3,3,3,3,3,3,3,3,3,3,3,3,2,2,2,2,2,2,2,2,2,2,2,2,2,2,2,2,2,2,2,2,2,2
Tokelau,772,3,3,3,3,3,3,3,3,3,3,3,3,3,3,3,3,4,4,4,4,4,4,4,4,4,4,4,4,4,4,4,4,4,4,4,4,4,4,4,4,4,4,4,4,4,4,4,4,4,4,4,4,4,4,4,4,4,4,4,4,4,4,4,4,4,4,4,4,4,4,4,4,4,4,4,4,4
Niue,570,2,2,2,2,2,2,2,2,2,2,2,2,2,2,2,2,2,2,2,2,2,2,2,2,2,2,2,2,2,2,2,2,2,2,2,2,2,2,2,2,2,2,2,2,2,2,2,2,2,2,2,2,2,2,2,2,2,2,2,2,2,2,2,2,2,2,2,2,2,2,2,2,2,2,2,2,2
Holy See,336,0,1,1,1,1,1,1,1,1,1,1,1,1,1,1,1,1,1,1,1,1,1,1,1,1,1,1,1,1,1,1,1,1,1,1,1,1,1,1,1,1,1,1,1,1,1,1,1,1,1,1,1,1,1,1,1,1,1,1,1,1,1,1,1,1,1,1,1,1,1,1,1,1,1,1,1,1
